id_maison,quartier,surface_m2,nb_chambres,annee_construction,etat_general,proche_ecole,prix_vente
1000,Sud,56,1.0,1970,3.0,1,148851
1001,Ouest,57,2.0,200,1.0,0,116462
1002,Sud,44,2.0,2011,3.0,0,115593
1003,Sud,56,2.0,1953,2.0,1,161971
1004,Sud,93,4.0,1984,4.0,1,271092
1005,Nord,58,2.0,1993,4.0,0,122219
1006,Ouest,67,1.0,2002,9.0,0,196483
1007,Centre,53,3.0,1960,8.0,0,222500
1008,Nord,32,2.0,1972,5.0,0,86894
1009,Sud,79,2.0,1954,,1,233643
1010,Centre,73,1.0,2001,4.0,0,241023
1011,Centre,49,1.0,1991,9.0,1,198273
1012,Nord,61,3.0,2011,9.0,0,500
1013,Sud,73,2.0,1986,10.0,1,236758
1014,Ouest,46,1.0,2007,7.0,0,147559
1015,Sud,71,2.0,1950,2.0,0,205928
1016,Ouest,64,1.0,1987,4.0,1,141662
1017,Centre,70,1.0,1952,,1,214793
1018,Sud,83,4.0,1950,9.0,0,265159
1019,Sud,96,2.0,2009,1.0,0,222936
1020,Sud,39,2.0,1969,8.0,1,105773
1021,Nord,91,3.0,2999,2.0,1,196998
1022,Centre,69,3.0,2016,1.0,1,187450
1023,Nord,77,4.0,2003,2.0,0,144879
1024,Centre,69,3.0,2013,1.0,1,169637
1025,Sud,85,4.0,2009,5.0,1,208836
1026,Centre,97,4.0,1995,6.0,1,351443
1027,Centre,81,,1975,9.0,1,366883
1028,Centre,56,3.0,1964,2.0,1,164683
1029,Sud,59,2.0,2019,5.0,0,174134
1030,Sud,129,6.0,1989,2.0,0,334671
1031,Sud,50,1.0,2011,9.0,0,166278
1032,Nord,62,1.0,1950,7.0,0,146970
1033,Ouest,40,1.0,2006,5.0,0,103434
1034,Ouest,56,2.0,1972,6.0,1,163451
1035,Sud,99,2.0,1953,7.0,1,305073
1036,Ouest,88,2.0,1982,5.0,0,247134
1037,Ouest,47,1.0,1951,2.0,1,89384
1038,Nord,54,1.0,1978,9.0,0,137227
1039,Ouest,25,2.0,1973,5.0,0,44191
1040,Centre,85,2.0,1962,1.0,0,204187
1041,Sud,72,3.0,1965,3.0,0,185454
1042,Sud,61,1.0,1991,10.0,1,217239
1043,Sud,80,2.0,1956,8.0,0,249144
1044,Centre,33,1.0,2020,4.0,1,88613
1045,Nord,44,2.0,1988,2.0,0,94759
1046,Sud,101,3.0,2011,1.0,1,237802
1047,Ouest,71,3.0,1970,5.0,1,183337
1048,Centre,126,5.0,1964,5.0,0,447093
1049,Ouest,48,1.0,1957,4.0,1,110477
1050,Centre,78,2.0,1978,3.0,0,273842
1051,Centre,87,3.0,1954,1.0,0,241615
1052,Centre,54,3.0,1976,1.0,1,172742
1053,Sud,76,4.0,1954,5.0,0,217335
1054,Centre,51,1.0,2000,4.0,1,159836
1055,Sud,78,3.0,2003,2.0,1,174412
1056,Sud,44,2.0,1972,5.0,1,119163
1057,Ouest,71,2.0,1979,3.0,1,163355
1058,Sud,110,5.0,1954,10.0,1,364298
1059,Centre,69,1.0,1992,3.0,0,223396
1060,Nord,47,1.0,2016,2.0,1,96305
1061,Ouest,64,2.0,1950,10.0,0,198848
1062,Centre,68,2.0,2005,1.0,0,176898
1063,Ouest,56,2.0,1963,7.0,0,135579
1064,Ouest,80,4.0,1967,3.0,1,168232
1065,Nord,99,3.0,1993,4.0,1,210260
1066,Sud,109,5.0,1957,3.0,1,283014
1067,Nord,69,2.0,200,6.0,1,134820
1068,Nord,89,4.0,1955,8.0,0,227348
1069,Ouest,101,3.0,2019,4.0,0,238588
1070,Centre,31,1.0,1960,3.0,0,109616
1071,Nord,54,1.0,2022,8.0,0,148023
1072,Nord,56,1.0,1958,3.0,1,133455
1073,Centre,78,3.0,2009,5.0,1,266821
1074,Ouest,90,3.0,1989,8.0,0,233140
1075,Sud,30,1.0,2015,8.0,0,96840
1076,Sud,92,4.0,1978,7.0,0,299715
1077,Centre,57,2.0,2015,10.0,1,255192
1078,Centre,63,1.0,1957,4.0,0,194793
1079,Ouest,29,1.0,1969,10.0,1,94839
1080,Nord,89,,2009,4.0,0,189199
1081,Nord,54,1.0,2000,8.0,0,156147
1082,Centre,59,3.0,2006,6.0,0,210387
1083,Centre,96,2.0,1975,4.0,1,310457
1084,Sud,61,3.0,2008,3.0,0,178755
1085,Ouest,95,4.0,1971,2.0,0,191401
1086,Ouest,50,1.0,1998,7.0,1,135031
1087,Centre,34,2.0,1967,3.0,1,129080
1088,Nord,40,1.0,1957,7.0,1,99855
1089,Ouest,100,5.0,2008,8.0,0,254885
1090,Ouest,61,2.0,1981,4.0,0,141436
1091,Ouest,75,2.0,1972,3.0,0,158010
1092,Centre,38,1.0,2016,4.0,1,114105
1093,Centre,75,3.0,1973,8.0,1,300424
1094,Sud,112,4.0,1974,6.0,0,330595
1095,Centre,97,3.0,1967,10.0,0,441646
1096,Nord,58,2.0,1976,6.0,0,141884
1097,Sud,99,2.0,2011,2.0,1,239477
1098,Sud,54,3.0,1985,7.0,1,145220
1099,Nord,68,2.0,1985,3.0,0,117853
1100,Sud,98,2.0,2022,1.0,0,208972
1101,Sud,94,2.0,2010,9.0,1,306923
1102,Sud,90,4.0,2019,2.0,0,223479
1103,Nord,90,3.0,1956,8.0,1,229707
1104,Ouest,58,2.0,1966,8.0,0,180047
1105,Sud,101,5.0,1964,4.0,1,255240
1106,Centre,36,2.0,1991,7.0,0,147382
1107,Sud,134,,1959,7.0,0,402964
1108,Nord,89,3.0,2011,1.0,0,149855
1109,Ouest,53,2.0,1988,8.0,1,164402
1110,Ouest,99,2.0,2023,9.0,1,321316
1111,Centre,105,4.0,1966,3.0,0,322188
1112,Ouest,48,1.0,2005,,0,146470
1113,Ouest,73,2.0,1987,,1,185944
1114,Centre,92,4.0,2005,8.0,0,370838
1115,Ouest,93,4.0,1997,9.0,1,285325
1116,Sud,96,3.0,1959,5.0,1,267378
1117,Centre,64,1.0,1995,9.0,1,268851
1118,Centre,62,2.0,2020,2.0,0,187737
1119,Nord,74,2.0,2017,1.0,1,136367
1120,Nord,120,3.0,1956,1.0,1,200101
1121,Sud,27,1.0,1953,9.0,1,84622
1122,Ouest,76,3.0,1976,8.0,0,210038
1123,Ouest,31,2.0,1950,6.0,0,70996
1124,Ouest,93,4.0,2021,9.0,1,273855
1125,Nord,86,,1973,3.0,0,190217
1126,Centre,34,1.0,1987,6.0,0,134042
1127,Ouest,63,2.0,2013,6.0,1,164994
1128,Centre,69,1.0,1966,6.0,1,245009
1129,Nord,75,2.0,1979,4.0,1,126123
1130,Nord,92,3.0,1993,3.0,0,190447
1131,Ouest,79,3.0,2011,7.0,1,214671
1132,Nord,55,2.0,1963,6.0,0,126688
1133,Nord,61,1.0,1957,5.0,1,103800
1134,Sud,70,2.0,1984,,1,207600
1135,Centre,93,2.0,1953,4.0,0,322322
1136,Ouest,67,2.0,1983,7.0,1,178652
1137,Sud,106,5.0,1975,7.0,0,347181
1138,Centre,67,2.0,2009,8.0,0,258635
1139,Sud,48,2.0,1954,8.0,0,130166
1140,Sud,66,2.0,1959,9.0,0,236693
1141,Centre,61,1.0,1986,5.0,0,208261
1142,Sud,109,4.0,1951,5.0,1,339816
1143,Centre,65,1.0,2000,10.0,1,291100
1144,Nord,31,2.0,1999,6.0,1,79161
1145,Nord,85,3.0,1950,6.0,0,180548
1146,Sud,73,2.0,1966,8.0,1,240534
1147,Centre,85,3.0,2002,9.0,1,359115
1148,Sud,68,1.0,2022,9.0,1,233411
1149,Nord,92,,1972,1.0,0,159837
1150,Centre,38,1.0,1968,9.0,1,134943
1151,Nord,40,1.0,2023,9.0,1,110281
1152,Ouest,35,1.0,1993,7.0,0,71569
1153,Centre,88,2.0,1985,4.0,0,296817
1154,Ouest,48,2.0,1978,3.0,1,93235
1155,Centre,43,1.0,1988,7.0,1,166497
1156,Ouest,49,1.0,1950,10.0,0,500
1157,Nord,103,5.0,1959,9.0,1,278250
1158,Sud,52,3.0,2009,9.0,1,188143
1159,Centre,83,3.0,1982,1.0,0,221376
1160,Ouest,36,1.0,2006,2.0,1,87790
1161,Nord,112,5.0,1973,3.0,0,215572
1162,Nord,90,4.0,2022,6.0,1,188250
1163,Ouest,54,1.0,1957,2.0,1,125270
1164,Nord,66,2.0,1984,4.0,0,130010
1165,Centre,45,1.0,2011,7.0,1,182691
1166,Sud,42,1.0,2014,5.0,1,112853
1167,Centre,73,2.0,1963,7.0,0,318036
1168,Centre,24,1.0,1972,2.0,1,79019
1169,Ouest,60,3.0,1998,2.0,1,134459
1170,Nord,60,2.0,2022,3.0,1,112048
1171,Nord,97,2.0,2003,1.0,0,177840
1172,Sud,43,1.0,1957,4.0,1,109801
1173,Ouest,24,1.0,1969,,0,53302
1174,Sud,98,3.0,1959,2.0,0,203006
1175,Centre,54,1.0,1953,8.0,1,212812
1176,Ouest,15,2.0,2012,3.0,0,47764
1177,Centre,55,2.0,1970,10.0,1,201759
1178,Nord,40,1.0,1994,1.0,1,78092
1179,Ouest,69,2.0,2001,2.0,1,132625
1180,Nord,77,2.0,2013,9.0,0,206386
1181,Nord,67,1.0,1977,2.0,0,127580
1182,Ouest,95,2.0,1981,7.0,0,259292
1183,Centre,49,1.0,1960,3.0,0,173832
1184,Centre,99,3.0,1987,1.0,1,287984
1185,Sud,61,2.0,2017,9.0,1,201197
1186,Centre,68,2.0,1962,2.0,0,186294
1187,Centre,43,1.0,1971,4.0,1,113479
1188,Centre,91,4.0,1988,9.0,1,373453
1189,Ouest,79,4.0,1971,6.0,0,231361
1190,Sud,40,1.0,1971,1.0,0,89003
1191,Nord,78,2.0,1957,8.0,1,210843
1192,Sud,102,5.0,1959,7.0,0,307817
1193,Ouest,99,3.0,2003,9.0,0,298246
1194,Sud,88,2.0,2007,4.0,0,228487
1195,Nord,112,3.0,2023,4.0,0,222816
1196,Ouest,114,3.0,2007,4.0,0,271966
1197,Sud,45,1.0,1979,5.0,1,131788
1198,Nord,52,2.0,2012,9.0,1,109281
1199,Ouest,61,2.0,1996,7.0,0,171674
1200,Nord,73,1.0,2000,10.0,1,174223
1201,Centre,15,1.0,2019,7.0,1,45757
1202,Nord,63,1.0,2999,6.0,1,130540
1203,Nord,92,3.0,2019,,0,180232
1204,Centre,15,2.0,2019,2.0,1,57885
1205,Sud,98,3.0,2006,5.0,1,268746
1206,Centre,81,2.0,2010,2.0,1,240440
1207,Sud,79,2.0,1977,9.0,1,265967
1208,Nord,64,1.0,1951,9.0,0,186214
1209,Sud,52,2.0,2009,3.0,0,132146
1210,Centre,57,2.0,1964,5.0,0,185200
1211,Centre,109,3.0,2012,8.0,1,444423
1212,Sud,77,2.0,1999,5.0,1,204323
1213,Ouest,79,2.0,2021,8.0,1,247651
1214,Sud,30,2.0,1989,,1,86666
1215,Sud,95,3.0,1968,7.0,0,283181
1216,Nord,43,1.0,2008,5.0,1,101024
1217,Nord,74,1.0,1958,2.0,1,133082
1218,Sud,36,1.0,1952,10.0,0,142247
1219,Centre,91,4.0,1996,9.0,1,379666
1220,Sud,58,1.0,1965,3.0,0,156156
1221,Ouest,84,4.0,2012,10.0,0,255376
1222,Centre,95,3.0,1966,3.0,1,279498
1223,Sud,30,1.0,2021,3.0,0,54179
1224,Ouest,78,4.0,1971,3.0,1,178357
1225,Ouest,70,1.0,1968,8.0,1,203564
1226,Centre,69,1.0,1963,3.0,0,212802
1227,Ouest,40,2.0,2004,1.0,1,60902
1228,Nord,116,3.0,2016,5.0,0,268089
1229,Nord,74,1.0,1996,6.0,1,185955
1230,Ouest,122,5.0,1987,3.0,1,257804
1231,Ouest,124,4.0,1983,9.0,0,369361
1232,Nord,59,2.0,1976,10.0,1,129133
1233,Nord,32,1.0,1962,,1,67720
1234,Centre,97,2.0,2013,6.0,0,347812
1235,Centre,62,3.0,2004,3.0,1,183359
1236,Ouest,84,2.0,1961,1.0,1,173224
1237,Centre,57,1.0,1996,4.0,0,191726
1238,Ouest,47,1.0,1964,2.0,0,95271
1239,Centre,75,4.0,2019,2.0,1,234509
1240,Centre,77,4.0,2014,10.0,0,365389
1241,Sud,96,4.0,1994,5.0,1,263769
1242,Sud,124,3.0,2012,10.0,1,413322
1243,Sud,38,,2017,1.0,1,85783
1244,Nord,34,2.0,1960,6.0,1,96739
1245,Ouest,46,1.0,1999,8.0,1,134377
1246,Sud,25,1.0,2008,5.0,1,48235
1247,Ouest,87,3.0,2022,,0,201617
1248,Centre,135,4.0,2002,3.0,1,398165
1249,Centre,120,3.0,1993,4.0,0,400280
1250,Centre,64,3.0,1966,2.0,0,225412
1251,Sud,58,1.0,1985,5.0,1,160810
1252,Centre,78,2.0,2005,10.0,1,365685
1253,Ouest,98,4.0,2004,6.0,0,256479
1254,Sud,64,1.0,2000,2.0,0,162436
1255,Centre,74,1.0,2021,6.0,0,271834
1256,Sud,92,3.0,1992,10.0,1,333837
1257,Centre,47,1.0,1996,2.0,0,129565
1258,Sud,88,2.0,1964,8.0,0,291102
1259,Ouest,54,3.0,1958,4.0,0,132946
1260,Nord,22,1.0,1983,6.0,0,54019
1261,Sud,50,3.0,2004,7.0,0,139901
1262,Centre,28,1.0,1974,1.0,1,96446
1263,Ouest,121,4.0,1963,4.0,1,299647
1264,Centre,75,4.0,1980,2.0,0,229536
1265,Sud,87,3.0,1987,8.0,0,500
1266,Ouest,53,1.0,1968,2.0,0,108069
1267,Sud,64,3.0,1986,7.0,1,208460
1268,Sud,94,2.0,1973,1.0,1,229101
1269,Sud,69,3.0,1977,3.0,1,159329
1270,Centre,100,5.0,1951,9.0,1,415198
1271,Centre,86,3.0,1952,5.0,0,298533
1272,Ouest,72,1.0,2003,5.0,1,175338
1273,Nord,74,,1974,6.0,0,172174
1274,Centre,70,2.0,2014,1.0,0,204206
1275,Nord,86,3.0,1986,5.0,0,198077
1276,Nord,114,3.0,1956,,0,253284
1277,Ouest,15,2.0,1978,2.0,1,17830
1278,Nord,73,3.0,1954,4.0,0,152951
1279,Centre,53,2.0,2006,10.0,1,222907
1280,Ouest,98,4.0,2001,6.0,1,265013
1281,Nord,49,1.0,1982,2.0,0,122973
1282,Nord,91,3.0,2023,3.0,0,170915
1283,Ouest,81,3.0,1990,3.0,1,187816
1284,Centre,64,2.0,1968,6.0,0,212864
1285,Centre,70,2.0,1983,10.0,0,314831
1286,Sud,46,1.0,2999,4.0,0,129446
1287,Centre,52,2.0,2004,6.0,0,174837
1288,Centre,61,3.0,1976,,1,161086
1289,Ouest,76,2.0,1966,4.0,0,182756
1290,Nord,82,2.0,2014,2.0,1,163202
1291,Sud,21,1.0,1968,7.0,0,90011
1292,Nord,66,3.0,1957,3.0,0,153347
1293,Ouest,86,2.0,2016,,1,241769
1294,Nord,71,1.0,2002,7.0,0,191475
1295,Centre,53,2.0,2006,7.0,1,206059
1296,Sud,97,4.0,1990,7.0,1,285151
1297,Sud,54,3.0,1996,7.0,1,160677
1298,Centre,37,1.0,2023,2.0,1,83083
1299,Nord,86,4.0,1974,5.0,1,166653
1300,Centre,97,4.0,2019,7.0,1,388382
1301,Sud,86,2.0,1952,1.0,0,175932
1302,Centre,42,1.0,1992,8.0,0,163243
1303,Ouest,71,2.0,1998,5.0,0,221350
1304,Ouest,76,4.0,1992,4.0,1,201301
1305,Sud,50,,2005,2.0,1,119041
1306,Ouest,71,2.0,2002,1.0,0,132403
1307,Nord,51,2.0,1968,2.0,1,76199
1308,Nord,56,3.0,1968,8.0,0,146780
1309,Centre,69,2.0,1966,10.0,1,297866
1310,Ouest,23,2.0,1952,9.0,1,55057
1311,Nord,77,4.0,1978,4.0,1,144929
1312,Sud,37,1.0,1971,10.0,0,141945
1313,Ouest,123,5.0,1971,5.0,0,292836
1314,Centre,64,3.0,1998,3.0,1,200947
1315,Ouest,48,,1974,4.0,1,111886
1316,Ouest,109,4.0,1999,8.0,1,332730
1317,Sud,68,2.0,2018,2.0,1,158207
1318,Centre,55,3.0,1959,3.0,0,176841
1319,Nord,28,2.0,1957,10.0,0,78388
1320,Centre,59,2.0,2009,8.0,1,257914
1321,Nord,56,3.0,2007,4.0,1,129933
1322,Ouest,52,3.0,1987,1.0,0,90473
1323,Nord,90,4.0,1984,1.0,0,166596
1324,Centre,36,1.0,2004,7.0,1,118763
1325,Nord,64,3.0,1984,9.0,0,156188
1326,Ouest,60,2.0,2022,5.0,1,173863
1327,Sud,109,3.0,2015,2.0,1,252421
1328,Sud,84,3.0,1959,3.0,1,216910
1329,Sud,66,3.0,1964,8.0,1,203626
1330,Centre,116,5.0,2014,2.0,1,350944
1331,Sud,76,2.0,1978,8.0,0,230966
1332,Sud,70,1.0,200,9.0,0,213471
1333,Ouest,85,3.0,1977,8.0,0,249736
1334,Ouest,97,,1978,2.0,1,196739
1335,Nord,47,1.0,1955,9.0,0,113984
1336,Centre,89,3.0,1969,10.0,1,345669
1337,Ouest,65,3.0,2009,10.0,1,193860
1338,Nord,60,3.0,2010,9.0,1,174179
1339,Centre,103,3.0,2013,7.0,1,379605
1340,Centre,85,2.0,2013,10.0,1,349881
1341,Centre,45,2.0,2006,2.0,0,147873
1342,Ouest,75,4.0,1972,1.0,1,142809
1343,Sud,34,1.0,1977,4.0,0,107015
1344,Ouest,78,3.0,1982,1.0,1,155582
1345,Sud,81,3.0,1999,9.0,0,288827
1346,Sud,58,2.0,1987,4.0,0,163949
1347,Nord,69,3.0,1964,1.0,1,118582
1348,Sud,44,2.0,2007,5.0,0,139900
1349,Centre,61,2.0,2010,4.0,1,226276
1350,Sud,107,3.0,2000,2.0,0,274927
1351,Nord,68,2.0,1976,2.0,0,117363
1352,Centre,74,2.0,2023,1.0,1,208011
1353,Nord,119,3.0,1995,4.0,0,240745
1354,Ouest,117,4.0,1952,10.0,1,358677
1355,Nord,73,3.0,1971,8.0,0,196169
1356,Ouest,90,2.0,2008,5.0,0,249655
1357,Ouest,87,4.0,2006,5.0,0,202178
1358,Ouest,78,3.0,1978,2.0,1,170376
1359,Nord,57,3.0,1952,9.0,1,146206
1360,Sud,39,1.0,2005,7.0,1,104489
1361,Centre,91,3.0,2018,10.0,1,420633
1362,Ouest,48,2.0,2006,5.0,1,119630
1363,Nord,98,4.0,1964,7.0,1,247385
1364,Nord,68,1.0,2012,6.0,1,136002
1365,Ouest,56,1.0,2011,1.0,1,82535
1366,Nord,63,3.0,2021,6.0,0,160569
1367,Ouest,15,1.0,1987,8.0,1,39309
1368,Sud,62,3.0,1980,5.0,1,184683
1369,Centre,60,2.0,2050,10.0,1,270583
1370,Ouest,17,1.0,1973,2.0,0,27355
1371,Nord,80,2.0,1977,7.0,0,214077
1372,Centre,56,2.0,1962,,0,216825
1373,Centre,108,3.0,2001,9.0,0,450935
1374,Sud,31,2.0,1961,9.0,0,99637
1375,Sud,58,3.0,1992,1.0,0,148777
1376,Ouest,54,1.0,2013,8.0,0,152756
1377,Centre,72,3.0,1977,6.0,0,268383
1378,Centre,78,3.0,1998,10.0,1,349251
1379,Sud,104,5.0,2005,1.0,1,228403
1380,Ouest,68,2.0,1976,8.0,0,206019
1381,Sud,28,1.0,2022,8.0,1,90308
1382,Sud,85,3.0,1996,2.0,0,185538
1383,Ouest,49,1.0,1952,9.0,0,137871
1384,Centre,78,3.0,2001,9.0,0,316612
1385,Sud,101,5.0,1967,3.0,1,241825
1386,Nord,81,2.0,2002,8.0,0,212525
1387,Ouest,87,4.0,1979,7.0,0,254086
1388,Centre,22,2.0,1980,1.0,0,48694
1389,Centre,23,1.0,1971,8.0,0,108004
1390,Centre,58,1.0,1955,8.0,0,249059
1391,Sud,80,3.0,2018,1.0,1,176397
1392,Ouest,89,3.0,1967,9.0,0,248381
1393,Sud,85,4.0,1984,4.0,1,228454
1394,Centre,92,3.0,2014,4.0,1,303780
1395,Sud,39,2.0,1965,10.0,1,130564
1396,Ouest,113,3.0,1994,7.0,0,311026
1397,Ouest,106,4.0,2018,7.0,0,283076
1398,Nord,100,4.0,1953,6.0,1,233105
1399,Centre,86,4.0,2012,1.0,0,214331
1400,Centre,76,4.0,1971,6.0,0,283828
1401,Centre,111,3.0,1967,9.0,0,482259
1402,Sud,91,2.0,1977,8.0,0,292924
1403,Nord,48,1.0,1974,4.0,0,96948
1404,Centre,67,1.0,2013,2.0,0,203428
1405,Ouest,22,1.0,2008,6.0,1,77524
1406,Ouest,93,3.0,1951,8.0,1,237878
1407,Ouest,100,3.0,2012,8.0,1,283464
1408,Ouest,73,1.0,1979,10.0,0,220566
1409,Sud,118,5.0,1970,7.0,1,361099
1410,Nord,112,3.0,2003,3.0,0,208783
1411,Ouest,44,2.0,1987,9.0,0,120713
1412,Ouest,81,3.0,2007,,1,203344
1413,Sud,58,3.0,2006,3.0,1,130640
1414,Nord,108,4.0,1988,8.0,1,289828
1415,Sud,46,1.0,2020,8.0,1,137965
1416,Sud,44,1.0,1959,8.0,0,136520
1417,Centre,40,1.0,1976,2.0,0,128136
1418,Ouest,71,1.0,1997,2.0,0,146320
1419,Nord,75,2.0,1964,4.0,1,157907
1420,Centre,28,1.0,1971,4.0,0,108980
1421,Ouest,30,1.0,1985,6.0,0,500
1422,Centre,99,3.0,2019,1.0,1,298745
1423,Sud,75,2.0,1976,8.0,0,251197
1424,Sud,84,3.0,2003,8.0,0,241913
1425,Nord,58,2.0,1994,9.0,1,171043
1426,Sud,50,3.0,1969,1.0,1,109242
1427,Centre,76,4.0,1982,3.0,1,255257
1428,Centre,61,3.0,1994,9.0,1,276149
1429,Sud,62,2.0,1975,9.0,1,204717
1430,Sud,31,1.0,1991,6.0,1,95009
1431,Nord,45,2.0,2021,6.0,1,110352
1432,Centre,95,4.0,2000,5.0,1,343735
1433,Nord,100,5.0,1998,10.0,0,257377
1434,Nord,80,3.0,1974,3.0,1,159557
1435,Centre,77,3.0,1996,6.0,1,282519
1436,Sud,80,2.0,2023,7.0,0,248365
1437,Centre,82,2.0,1953,10.0,0,344837
1438,Sud,61,2.0,1992,9.0,0,197247
1439,Sud,119,3.0,1988,10.0,1,395710
1440,Sud,35,2.0,2020,10.0,1,107334
1441,Ouest,66,2.0,1979,1.0,0,153108
1442,Centre,79,2.0,1964,7.0,0,282055
1443,Nord,37,1.0,2008,4.0,1,69347
1444,Nord,15,1.0,2004,7.0,0,13646
1445,Nord,105,5.0,2023,10.0,0,297063
1446,Nord,58,2.0,1961,3.0,0,96012
1447,Ouest,96,4.0,1958,,0,281260
1448,Nord,122,3.0,1959,8.0,0,317605
1449,Ouest,71,1.0,1985,6.0,0,170465
1450,Sud,50,3.0,2006,8.0,1,162531
1451,Ouest,44,1.0,2016,6.0,0,107771
1452,Centre,85,4.0,1994,2.0,0,268477
1453,Centre,72,1.0,1993,1.0,1,202283
1454,Sud,100,5.0,1982,4.0,1,252848
1455,Sud,101,3.0,2003,3.0,0,221267
1456,Nord,104,5.0,1972,2.0,0,176948
1457,Sud,35,2.0,1996,10.0,0,127580
1458,Centre,56,1.0,1989,1.0,0,179644
1459,Ouest,23,1.0,1990,9.0,1,70793
1460,Ouest,75,2.0,1973,1.0,0,134487
1461,Ouest,68,2.0,1965,3.0,0,126165
1462,Centre,46,2.0,1967,6.0,0,161762
1463,Sud,92,2.0,1967,4.0,1,255960
1464,Centre,42,1.0,1965,9.0,1,160945
1465,Sud,81,3.0,2023,9.0,0,275144
1466,Nord,49,1.0,1991,8.0,0,113183
1467,Ouest,120,5.0,1989,5.0,0,302042
1468,Sud,45,1.0,1974,7.0,0,134337
1469,Nord,53,1.0,2999,8.0,0,118841
1470,Sud,80,4.0,1979,9.0,1,255132
1471,Ouest,61,1.0,2012,7.0,1,205306
1472,Nord,73,1.0,2004,8.0,1,190152
1473,Sud,49,1.0,2005,8.0,0,156141
1474,Centre,70,2.0,2017,3.0,0,223033
1475,Ouest,61,1.0,1991,2.0,0,145374
1476,Sud,50,1.0,2010,1.0,1,76037
1477,Nord,57,3.0,1964,7.0,0,134814
1478,Nord,56,2.0,1962,9.0,0,168123
1479,Sud,64,2.0,1957,2.0,0,137525
1480,Ouest,104,5.0,1965,1.0,1,202271
1481,Centre,100,3.0,2018,3.0,0,326941
1482,Nord,81,4.0,1978,1.0,1,152753
1483,Ouest,15,2.0,2008,10.0,1,49552
1484,Nord,67,2.0,2003,5.0,1,140593
1485,Sud,67,2.0,2007,7.0,1,206881
1486,Nord,75,3.0,1978,,0,198264
1487,Nord,95,3.0,2021,1.0,1,159736
1488,Sud,47,2.0,1978,10.0,0,134455
1489,Nord,43,,2005,8.0,1,91206
1490,Centre,112,5.0,2010,10.0,0,487469
1491,Centre,54,3.0,1983,4.0,1,166186
1492,Nord,64,2.0,1971,4.0,0,113337
1493,Nord,54,3.0,1975,10.0,0,140194
1494,Centre,70,2.0,1987,10.0,0,334496
1495,Centre,111,4.0,1981,7.0,1,430508
1496,Sud,98,3.0,1970,1.0,0,225790
1497,Ouest,73,3.0,2011,1.0,0,156375
1498,Ouest,15,1.0,2009,10.0,0,54578
1499,Centre,51,2.0,1966,,0,211269
1500,Ouest,77,4.0,1978,1.0,1,178804
1501,Centre,103,5.0,1953,4.0,0,332682
1502,Sud,32,2.0,1968,10.0,1,111936
1503,Ouest,15,1.0,1968,1.0,0,27568
1504,Sud,81,3.0,1995,8.0,1,280513
1505,Nord,56,1.0,1955,7.0,0,164619
1506,Centre,67,3.0,2016,10.0,1,318097
1507,Nord,116,4.0,1975,4.0,0,245803
1508,Sud,44,1.0,1969,3.0,1,106189
1509,Ouest,80,3.0,1955,4.0,1,187367
1510,Centre,55,3.0,1955,5.0,0,156645
1511,Sud,39,2.0,2002,3.0,0,94506
1512,Centre,97,2.0,1984,7.0,1,376246
1513,Nord,60,3.0,1950,4.0,0,114827
1514,Ouest,45,,2023,8.0,1,132671
1515,Centre,30,1.0,1959,8.0,1,110805
1516,Nord,88,3.0,1988,7.0,1,222218
1517,Centre,18,2.0,200,3.0,1,51895
1518,Centre,129,5.0,1988,2.0,1,389431
1519,Nord,70,2.0,1981,9.0,1,163716
1520,Sud,99,3.0,1996,2.0,1,232431
1521,Nord,100,4.0,1993,7.0,1,218773
1522,Centre,109,4.0,1968,3.0,1,355381
1523,Ouest,46,1.0,2006,10.0,1,140769
1524,Ouest,87,3.0,1977,5.0,1,259719
1525,Nord,44,1.0,2009,5.0,0,99895
1526,Centre,91,4.0,1956,3.0,0,279650
1527,Ouest,84,2.0,1972,1.0,1,148138
1528,Nord,59,3.0,2002,10.0,1,184320
1529,Centre,64,3.0,2018,2.0,1,201804
1530,Sud,67,1.0,2020,8.0,0,219063
1531,Nord,48,1.0,2000,6.0,0,86536
1532,Sud,100,5.0,1958,2.0,1,230602
1533,Centre,62,3.0,1994,10.0,0,309816
1534,Sud,50,3.0,1984,6.0,1,152091
1535,Ouest,51,3.0,1951,8.0,1,171468
1536,Ouest,71,1.0,2006,4.0,0,127926
1537,Nord,89,3.0,1998,5.0,0,201970
1538,Nord,53,1.0,1970,2.0,1,100372
1539,Nord,115,5.0,1993,5.0,1,254680
1540,Ouest,36,1.0,1959,3.0,1,80082
1541,Centre,67,,2999,4.0,1,223852
1542,Nord,66,1.0,1985,10.0,0,195547
1543,Centre,94,2.0,1970,6.0,0,347217
1544,Sud,60,3.0,1974,6.0,1,194180
1545,Centre,115,4.0,2999,3.0,1,358681
1546,Sud,61,3.0,1951,4.0,1,162631
1547,Sud,81,2.0,1953,5.0,1,222181
1548,Sud,62,2.0,2006,2.0,0,138542
1549,Centre,48,2.0,1977,3.0,0,122546
1550,Centre,70,3.0,2008,7.0,0,246353
1551,Ouest,96,3.0,1983,2.0,0,206981
1552,Nord,76,3.0,1954,4.0,1,144278
1553,Sud,56,1.0,1987,8.0,1,168888
1554,Centre,72,,2023,10.0,0,338924
1555,Ouest,68,2.0,2019,10.0,1,176594
1556,Nord,26,2.0,2023,1.0,0,34558
1557,Ouest,51,1.0,200,3.0,0,104554
1558,Sud,24,1.0,1984,9.0,0,72922
1559,Nord,41,2.0,2999,4.0,0,102608
1560,Sud,76,2.0,1988,9.0,0,259839
1561,Centre,80,2.0,1984,5.0,1,303353
1562,Nord,58,3.0,2020,6.0,1,160190
1563,Ouest,42,1.0,1994,7.0,1,113880
1564,Ouest,77,2.0,2021,4.0,1,170505
1565,Nord,22,2.0,1991,2.0,1,41026
1566,Ouest,121,5.0,2018,5.0,1,306985
1567,Nord,37,2.0,1991,6.0,1,93853
1568,Nord,139,4.0,2003,3.0,0,279244
1569,Ouest,26,1.0,1985,2.0,1,39462
1570,Sud,88,4.0,2012,2.0,0,221561
1571,Nord,106,5.0,1959,4.0,0,218699
1572,Sud,15,1.0,1975,,0,28573
1573,Ouest,69,2.0,2003,10.0,0,221187
1574,Ouest,77,3.0,1970,6.0,1,178444
1575,Nord,21,1.0,1964,10.0,1,46329
1576,Centre,73,1.0,1977,5.0,1,246111
1577,Centre,99,4.0,1954,10.0,0,460865
1578,Centre,41,1.0,2016,10.0,0,186361
1579,Nord,58,1.0,2014,,0,113428
1580,Nord,52,1.0,1975,8.0,1,141782
1581,Ouest,79,3.0,1965,2.0,0,153511
1582,Centre,75,3.0,1990,7.0,0,288078
1583,Nord,82,3.0,1985,1.0,1,125334
1584,Centre,83,4.0,2014,3.0,0,301835
1585,Ouest,57,,1967,5.0,0,158614
1586,Nord,63,3.0,2022,1.0,0,92301
1587,Centre,88,4.0,1990,5.0,1,298436
1588,Sud,73,2.0,1981,1.0,1,151869
1589,Ouest,60,1.0,1974,8.0,1,181683
1590,Centre,65,2.0,1994,10.0,1,287216
1591,Centre,91,2.0,1957,5.0,1,300062
1592,Centre,55,1.0,1952,9.0,0,226512
1593,Sud,55,1.0,1990,2.0,1,143374
1594,Ouest,74,3.0,1983,7.0,0,204075
1595,Nord,94,3.0,1992,1.0,0,170878
1596,Nord,42,1.0,1993,2.0,1,74734
1597,Centre,93,4.0,2021,8.0,1,392968
1598,Nord,90,2.0,1965,10.0,0,260201
1599,Centre,115,5.0,1962,7.0,1,464828
1600,Ouest,71,1.0,1987,6.0,0,214899
1601,Centre,35,2.0,2011,6.0,1,128106
1602,Sud,89,4.0,1999,5.0,0,253229
1603,Ouest,87,4.0,2007,6.0,0,226008
1604,Ouest,105,4.0,2022,5.0,0,275443
1605,Sud,70,1.0,1994,8.0,1,211204
1606,Centre,50,3.0,1991,10.0,1,204499
1607,Sud,77,3.0,1974,5.0,0,214757
1608,Centre,60,2.0,2019,4.0,1,218149
1609,Ouest,85,3.0,1995,5.0,0,204285
1610,Nord,129,,2050,7.0,1,329943
1611,Sud,27,1.0,1969,6.0,1,95198
1612,Nord,94,2.0,2000,3.0,1,177967
1613,Nord,74,1.0,2006,3.0,1,136753
1614,Nord,71,2.0,1988,8.0,0,196282
1615,Ouest,80,3.0,1964,5.0,0,201652
1616,Nord,76,4.0,1965,10.0,0,224348
1617,Centre,86,3.0,1969,5.0,1,301290
1618,Centre,61,1.0,1981,1.0,1,188301
1619,Ouest,79,2.0,1960,10.0,0,247564
1620,Ouest,60,2.0,1961,5.0,0,160055
1621,Nord,109,4.0,1958,6.0,0,247926
1622,Centre,86,4.0,1975,10.0,1,364190
1623,Sud,69,2.0,1973,6.0,1,182932
1624,Nord,69,3.0,2013,6.0,0,172359
1625,Sud,71,3.0,1968,5.0,1,221147
1626,Nord,107,4.0,1999,10.0,1,313982
1627,Centre,78,3.0,1999,10.0,1,334071
1628,Sud,91,4.0,1997,4.0,1,256292
1629,Ouest,15,2.0,1984,10.0,0,42268
1630,Sud,23,2.0,1972,7.0,1,82623
1631,Nord,52,3.0,1973,8.0,0,127897
1632,Nord,59,3.0,1972,6.0,0,143789
1633,Nord,95,3.0,2002,4.0,0,188632
1634,Sud,44,1.0,1956,7.0,1,129920
1635,Nord,103,3.0,2016,10.0,1,255334
1636,Sud,110,5.0,1983,10.0,0,369135
1637,Nord,93,4.0,2050,4.0,0,196449
1638,Nord,60,2.0,1971,9.0,1,154269
1639,Sud,88,4.0,1951,2.0,1,205130
1640,Centre,104,4.0,1968,1.0,0,315152
1641,Centre,81,3.0,1958,3.0,1,254103
1642,Centre,95,3.0,1973,6.0,0,330964
1643,Nord,44,2.0,1989,1.0,0,46151
1644,Centre,42,1.0,1970,,0,138577
1645,Ouest,53,2.0,2022,3.0,0,115880
1646,Sud,33,1.0,2005,8.0,0,95585
1647,Centre,98,4.0,2017,7.0,0,398720
1648,Ouest,70,3.0,2004,10.0,0,215184
1649,Sud,68,1.0,1951,2.0,0,150813
1650,Centre,82,2.0,1972,,1,359229
1651,Nord,75,4.0,1996,6.0,0,186772
1652,Nord,117,5.0,1982,10.0,1,307829
1653,Sud,67,3.0,1969,3.0,0,180988
1654,Centre,50,3.0,1966,7.0,1,202536
1655,Sud,77,4.0,1984,8.0,1,247988
1656,Centre,85,3.0,1980,8.0,1,318794
1657,Centre,81,2.0,2003,8.0,1,324111
1658,Nord,69,3.0,2003,2.0,1,136605
1659,Ouest,81,4.0,1987,1.0,1,143861
1660,Sud,50,3.0,1998,7.0,0,155021
1661,Nord,101,3.0,2003,8.0,0,266624
1662,Sud,69,2.0,2001,7.0,0,191456
1663,Nord,55,1.0,1986,,1,112367
1664,Sud,68,3.0,2022,4.0,1,168437
1665,Centre,79,4.0,2011,2.0,1,241828
1666,Sud,84,4.0,1986,3.0,0,211152
1667,Nord,61,2.0,2020,3.0,0,109522
1668,Ouest,82,2.0,2010,7.0,1,217561
1669,Nord,91,2.0,2999,9.0,0,252774
1670,Ouest,45,2.0,1954,6.0,0,109819
1671,Nord,66,2.0,2005,5.0,0,145435
1672,Ouest,70,3.0,2015,10.0,0,230791
1673,Centre,83,3.0,1973,3.0,1,252580
1674,Ouest,76,2.0,1989,9.0,1,225666
1675,Nord,88,4.0,1972,9.0,1,223749
1676,Centre,57,2.0,2021,6.0,1,191490
1677,Nord,81,4.0,1961,7.0,0,188920
1678,Nord,125,4.0,1959,6.0,1,275439
1679,Sud,26,1.0,1987,2.0,0,61609
1680,Ouest,117,5.0,1975,10.0,0,342122
1681,Nord,101,3.0,2017,6.0,1,226131
1682,Nord,76,2.0,1973,2.0,0,160453
1683,Sud,97,3.0,2003,3.0,0,228043
1684,Nord,76,,1950,10.0,0,229360
1685,Ouest,57,2.0,1998,4.0,1,114325
1686,Centre,89,3.0,2999,3.0,1,265642
1687,Centre,104,3.0,1982,,1,351299
1688,Ouest,101,3.0,1967,8.0,1,305130
1689,Sud,68,1.0,1991,3.0,0,188333
1690,Sud,100,5.0,1983,1.0,1,221248
1691,Centre,125,4.0,1957,5.0,1,462064
1692,Sud,94,2.0,1959,2.0,1,210247
1693,Centre,104,4.0,1997,7.0,0,393051
1694,Centre,24,2.0,1972,1.0,1,63077
1695,Ouest,15,2.0,2022,5.0,0,18079
1696,Centre,96,3.0,1986,4.0,0,327740
1697,Ouest,81,3.0,1971,2.0,0,172411
1698,Centre,89,4.0,2002,10.0,0,382570
1699,Sud,36,1.0,2019,10.0,0,93330
1700,Centre,70,2.0,1974,7.0,1,254769
1701,Nord,22,1.0,2015,9.0,0,62752
1702,Ouest,92,2.0,2015,6.0,0,235380
1703,Nord,60,2.0,1996,6.0,0,108960
1704,Centre,15,2.0,1963,6.0,1,76990
1705,Nord,120,5.0,1952,6.0,1,274136
1706,Nord,78,4.0,1969,4.0,0,162119
1707,Nord,77,4.0,2022,9.0,0,182175
1708,Sud,44,2.0,2007,2.0,0,101668
1709,Nord,61,1.0,1966,2.0,0,115941
1710,Ouest,77,4.0,1998,1.0,0,166363
1711,Nord,52,2.0,1994,7.0,1,120073
1712,Ouest,58,1.0,2011,6.0,0,163973
1713,Ouest,36,1.0,1954,9.0,0,90849
1714,Sud,103,4.0,1963,9.0,0,330534
1715,Sud,42,,2020,8.0,1,159486
1716,Nord,53,2.0,1990,2.0,0,87390
1717,Ouest,88,3.0,2012,8.0,1,240254
1718,Centre,54,2.0,1961,5.0,0,200706
1719,Ouest,75,2.0,1963,9.0,0,217274
1720,Sud,63,,1951,1.0,0,115025
1721,Ouest,119,5.0,2004,8.0,0,327950
1722,Ouest,119,5.0,2014,1.0,1,221743
1723,Ouest,53,3.0,1973,6.0,1,98037
1724,Ouest,51,2.0,2012,2.0,1,114114
1725,Centre,55,3.0,2007,10.0,0,225993
1726,Sud,38,1.0,2005,,0,122001
1727,Centre,107,5.0,2007,1.0,0,298955
1728,Nord,61,2.0,1979,6.0,0,114219
1729,Centre,78,3.0,1984,6.0,0,279598
1730,Centre,50,2.0,2013,3.0,0,143290
1731,Ouest,54,1.0,2000,5.0,1,158522
1732,Centre,95,4.0,1970,3.0,1,298584
1733,Ouest,28,1.0,2010,4.0,0,52148
1734,Centre,132,6.0,1976,6.0,1,485790
1735,Centre,65,2.0,2005,7.0,1,227415
1736,Centre,55,3.0,2001,8.0,1,198964
1737,Nord,63,1.0,2006,7.0,0,155352
1738,Ouest,85,,2022,1.0,0,165276
1739,Sud,71,3.0,1977,3.0,1,169862
1740,Ouest,110,3.0,1988,10.0,0,356140
1741,Nord,74,3.0,2011,,0,196725
1742,Sud,84,2.0,2005,5.0,0,219693
1743,Nord,73,2.0,2013,10.0,0,199962
1744,Centre,102,4.0,2008,5.0,1,386249
1745,Centre,60,1.0,2014,10.0,0,265534
1746,Nord,47,1.0,1985,,0,87807
1747,Nord,70,3.0,1969,6.0,0,169449
1748,Nord,83,2.0,1964,6.0,1,171080
1749,Sud,81,2.0,2002,5.0,0,221460
1750,Centre,86,3.0,2003,1.0,1,241570
1751,Centre,77,2.0,1995,4.0,0,258117
1752,Nord,83,4.0,2007,1.0,1,133634
1753,Nord,73,3.0,2010,2.0,0,134654
1754,Centre,51,2.0,1962,9.0,0,206573
1755,Sud,116,5.0,1982,1.0,1,278524
1756,Nord,104,3.0,1968,10.0,0,316865
1757,Ouest,22,1.0,2008,10.0,1,90416
1758,Sud,76,4.0,1970,4.0,1,168998
1759,Ouest,36,1.0,2000,1.0,0,68413
1760,Nord,55,,2008,3.0,1,100839
1761,Centre,72,1.0,1963,1.0,0,204001
1762,Ouest,49,1.0,1975,3.0,0,115069
1763,Ouest,78,4.0,1963,1.0,1,172168
1764,Sud,95,3.0,1980,9.0,1,311198
1765,Nord,64,3.0,2001,3.0,0,127015
1766,Ouest,72,3.0,1973,7.0,0,205043
1767,Centre,60,3.0,2001,5.0,1,217292
1768,Centre,26,1.0,1982,4.0,1,73539
1769,Sud,17,1.0,1961,9.0,0,54836
1770,Ouest,49,2.0,1973,2.0,0,123957
1771,Nord,100,3.0,1988,8.0,1,253010
1772,Sud,73,2.0,2019,9.0,0,245660
1773,Nord,113,3.0,1986,1.0,1,184251
1774,Ouest,71,3.0,1982,8.0,1,199863
1775,Sud,73,1.0,1959,4.0,1,201665
1776,Centre,45,1.0,1958,1.0,0,150348
1777,Sud,42,1.0,2004,2.0,1,131672
1778,Sud,89,4.0,1989,2.0,0,198702
1779,Sud,81,3.0,1990,5.0,0,209245
1780,Ouest,22,1.0,2013,8.0,0,55024
1781,Centre,44,1.0,1999,,0,168471
1782,Nord,93,2.0,1965,7.0,0,227111
1783,Nord,54,2.0,1999,6.0,1,109384
1784,Ouest,78,2.0,1956,5.0,0,186376
1785,Ouest,89,2.0,1981,8.0,0,263574
1786,Centre,128,6.0,1979,1.0,1,367452
1787,Centre,44,2.0,1985,1.0,1,126553
1788,Ouest,55,2.0,1953,,1,181629
1789,Nord,76,3.0,1968,6.0,0,174954
1790,Sud,61,2.0,2017,9.0,0,232395
1791,Nord,85,3.0,1973,5.0,1,170484
1792,Centre,55,1.0,2015,4.0,1,181786
1793,Nord,90,3.0,2010,2.0,0,155745
1794,Sud,93,2.0,1999,7.0,1,305512
1795,Centre,59,1.0,1984,3.0,1,197445
1796,Nord,34,,1989,7.0,0,95539
1797,Sud,33,1.0,1952,,1,114744
1798,Sud,52,1.0,1980,2.0,0,118591
1799,Sud,66,3.0,2008,1.0,1,134069
1800,Centre,114,4.0,1984,9.0,0,483896
1801,Ouest,70,3.0,1950,6.0,1,175694
1802,Sud,51,2.0,2005,3.0,0,126995
1803,Nord,38,2.0,1986,7.0,1,103139
1804,Sud,33,1.0,1967,,0,126217
1805,Ouest,72,2.0,2001,,0,230608
1806,Ouest,57,3.0,1967,1.0,1,122409
1807,Sud,81,2.0,1964,3.0,0,215970
1808,Sud,77,4.0,1996,8.0,0,242486
1809,Centre,89,4.0,1994,4.0,1,279143
1810,Ouest,41,2.0,1950,5.0,0,85511
1811,Sud,27,1.0,1982,6.0,1,94479
1812,Centre,58,1.0,1979,10.0,0,248164
1813,Nord,54,3.0,2015,7.0,0,132774
1814,Ouest,67,1.0,1993,10.0,0,193146
1815,Nord,64,1.0,1990,6.0,1,157901
1816,Ouest,106,5.0,1984,8.0,1,300023
1817,Sud,51,2.0,1952,4.0,1,130420
1818,Nord,64,1.0,1951,2.0,0,106628
1819,Ouest,97,3.0,1955,10.0,1,313870
1820,Ouest,41,2.0,1995,4.0,1,131248
1821,Ouest,37,1.0,2012,3.0,1,94006
1822,Sud,46,2.0,1984,6.0,1,133534
1823,Sud,59,2.0,1957,9.0,1,217330
1824,Nord,85,2.0,2015,1.0,0,147367
1825,Nord,61,3.0,1990,2.0,0,116661
1826,Sud,100,4.0,1985,4.0,1,256750
1827,Ouest,122,4.0,1975,3.0,0,253718
1828,Ouest,57,3.0,1959,10.0,1,176227
1829,Ouest,18,1.0,1988,3.0,0,37330
1830,Centre,78,2.0,200,10.0,1,329039
1831,Nord,43,1.0,1954,9.0,0,153109
1832,Nord,58,2.0,1954,8.0,1,145314
1833,Centre,72,3.0,2001,2.0,0,213197
1834,Sud,64,1.0,1996,6.0,0,172912
1835,Centre,82,4.0,2004,9.0,0,352317
1836,Ouest,59,1.0,2010,,1,175443
1837,Nord,53,1.0,1978,,1,104158
1838,Centre,61,1.0,2012,7.0,0,257159
1839,Centre,18,1.0,1961,10.0,0,93650
1840,Centre,77,4.0,200,7.0,1,278472
1841,Centre,93,3.0,2999,2.0,0,286628
1842,Centre,104,,2012,7.0,1,382912
1843,Ouest,96,2.0,1989,8.0,1,272129
1844,Ouest,102,5.0,2003,7.0,1,256807
1845,Sud,40,1.0,1956,7.0,0,129215
1846,Nord,87,2.0,2023,4.0,1,186345
1847,Nord,108,4.0,1999,7.0,0,280190
1848,Ouest,106,5.0,1968,3.0,0,245629
1849,Nord,31,2.0,1952,10.0,1,108747
1850,Ouest,62,2.0,2002,5.0,1,133957
1851,Centre,62,2.0,2010,8.0,1,269741
1852,Sud,85,3.0,2002,4.0,1,231862
1853,Sud,76,3.0,2008,8.0,0,217823
1854,Ouest,62,1.0,1963,3.0,0,162674
1855,Nord,23,1.0,1960,3.0,1,65462
1856,Sud,117,3.0,1974,7.0,0,370708
1857,Centre,73,3.0,1973,5.0,1,245161
1858,Nord,34,2.0,1986,,1,78901
1859,Sud,88,3.0,2001,8.0,0,294840
1860,Ouest,49,,2019,4.0,1,105171
1861,Centre,15,1.0,1952,4.0,0,48457
1862,Ouest,38,1.0,1995,1.0,0,71126
1863,Sud,86,4.0,2006,8.0,0,275635
1864,Ouest,90,4.0,2002,,1,193046
1865,Ouest,72,1.0,1971,5.0,1,178591
1866,Centre,26,2.0,1993,8.0,1,93126
1867,Centre,67,1.0,1976,2.0,0,182652
1868,Sud,26,1.0,2023,,0,66012
1869,Centre,83,4.0,1991,9.0,0,332407
1870,Sud,106,3.0,1955,,0,370192
1871,Centre,88,2.0,1984,9.0,1,373215
1872,Ouest,95,3.0,1979,8.0,1,281076
1873,Sud,49,2.0,1998,10.0,0,168147
1874,Sud,60,3.0,2022,8.0,1,198899
1875,Centre,44,1.0,1953,3.0,1,129167
1876,Centre,45,1.0,1952,1.0,0,115526
1877,Centre,22,2.0,1953,5.0,0,82702
1878,Nord,111,4.0,1959,9.0,0,292754
1879,Nord,64,1.0,2002,10.0,1,190894
1880,Sud,125,4.0,1950,9.0,1,422656
1881,Centre,38,2.0,1971,6.0,0,127516
1882,Sud,126,6.0,1973,5.0,1,339185
1883,Centre,73,2.0,1961,3.0,0,240794
1884,Centre,93,3.0,1965,2.0,1,275915
1885,Sud,119,4.0,1978,,0,394028
1886,Ouest,57,,1980,1.0,0,114756
1887,Sud,79,3.0,1999,4.0,0,192490
1888,Ouest,41,1.0,1959,6.0,0,72614
1889,Ouest,50,1.0,2009,5.0,1,125085
1890,Centre,81,2.0,1970,1.0,0,222805
1891,Ouest,85,4.0,1962,10.0,0,248470
1892,Nord,51,1.0,1984,2.0,1,92534
1893,Sud,89,4.0,1951,6.0,0,261148
1894,Ouest,105,4.0,1997,5.0,0,252183
1895,Nord,76,4.0,2008,7.0,1,158681
1896,Ouest,53,2.0,2001,5.0,0,150712
1897,Nord,59,2.0,1954,6.0,1,139749
1898,Nord,15,1.0,1993,7.0,1,37428
1899,Nord,63,3.0,1976,1.0,0,106113
1900,Ouest,30,1.0,2019,8.0,1,82636
1901,Centre,100,3.0,2000,6.0,0,369330
1902,Centre,89,2.0,1990,2.0,1,500
1903,Nord,71,2.0,1981,5.0,1,135810
1904,Ouest,73,1.0,1968,9.0,1,218779
1905,Nord,83,2.0,2012,7.0,1,212925
1906,Centre,72,3.0,2008,1.0,0,213902
1907,Ouest,67,2.0,1983,8.0,0,500
1908,Ouest,51,3.0,2006,4.0,1,123209
1909,Centre,91,,1999,,1,397556
1910,Sud,107,3.0,2008,9.0,1,369417
1911,Centre,35,1.0,1955,2.0,1,96146
1912,Centre,60,1.0,1995,8.0,0,212603
1913,Ouest,27,1.0,1973,6.0,0,77453
1914,Ouest,96,4.0,2022,5.0,0,244869
1915,Ouest,52,1.0,2017,1.0,1,105756
1916,Ouest,104,3.0,2022,10.0,1,340883
1917,Sud,32,2.0,2013,7.0,0,106584
1918,Centre,95,2.0,2010,2.0,0,252401
1919,Sud,77,3.0,1966,1.0,1,165532
1920,Centre,30,1.0,2000,7.0,1,126860
1921,Ouest,57,,2020,10.0,1,195574
1922,Centre,103,4.0,1962,1.0,1,260276
1923,Ouest,58,2.0,1975,10.0,1,180580
1924,Sud,46,1.0,1972,7.0,0,121168
1925,Ouest,50,2.0,2015,9.0,0,158410
1926,Nord,94,3.0,1997,1.0,1,172448
1927,Sud,50,1.0,1954,3.0,1,143424
1928,Nord,73,1.0,2009,7.0,0,205113
1929,Sud,64,2.0,1973,1.0,1,139730
1930,Centre,54,1.0,1976,3.0,0,180844
1931,Nord,94,2.0,1987,10.0,0,255679
1932,Centre,117,4.0,2001,1.0,0,332933
1933,Nord,71,2.0,2018,5.0,0,166887
1934,Centre,97,2.0,1991,10.0,0,390255
1935,Nord,53,1.0,1983,2.0,0,83442
1936,Centre,76,2.0,2002,,1,239567
1937,Sud,126,4.0,1997,9.0,1,440574
1938,Centre,94,2.0,1990,9.0,1,408838
1939,Ouest,33,1.0,2001,1.0,1,64591
1940,Ouest,15,1.0,2016,3.0,0,38624
1941,Centre,28,2.0,2019,10.0,1,135748
1942,Sud,65,2.0,1961,9.0,1,229013
1943,Sud,50,2.0,1969,5.0,0,160521
1944,Nord,60,3.0,2009,5.0,1,123846
1945,Sud,49,2.0,1979,4.0,1,114457
1946,Sud,61,2.0,1966,5.0,1,193013
1947,Centre,50,2.0,2005,4.0,1,177142
1948,Centre,102,4.0,1997,4.0,0,339957
1949,Ouest,131,6.0,2006,6.0,1,327423
1950,Centre,100,3.0,2011,10.0,1,437240
1951,Ouest,102,3.0,1974,8.0,0,279194
1952,Centre,48,1.0,1965,2.0,0,153005
1953,Sud,40,1.0,1992,9.0,1,111736
1954,Nord,44,1.0,2008,8.0,1,130825
1955,Centre,45,2.0,2004,5.0,1,133037
1956,Nord,75,4.0,1974,8.0,1,219263
1957,Nord,85,4.0,1989,8.0,0,194208
1958,Sud,94,4.0,1998,9.0,1,312288
1959,Sud,64,2.0,2020,5.0,0,185200
1960,Centre,75,4.0,1997,3.0,1,259735
1961,Centre,34,1.0,2002,9.0,0,135394
1962,Centre,76,3.0,1965,6.0,0,291016
1963,Ouest,84,2.0,2009,10.0,0,260640
1964,Centre,82,3.0,2003,6.0,1,277490
1965,Centre,45,1.0,1985,6.0,1,183098
1966,Nord,93,2.0,1982,10.0,1,251160
1967,Ouest,91,2.0,1953,7.0,0,235490
1968,Sud,91,2.0,1956,9.0,1,280641
1969,Nord,126,6.0,2018,5.0,1,278007
1970,Centre,50,2.0,1961,6.0,0,187162
1971,Centre,59,1.0,2010,10.0,1,246237
1972,Nord,83,4.0,2002,2.0,1,155050
1973,Ouest,95,2.0,2022,,1,278949
1974,Sud,59,2.0,2009,7.0,0,149918
1975,Sud,44,1.0,1979,5.0,0,142166
1976,Nord,99,2.0,1980,10.0,0,276882
1977,Sud,48,1.0,2014,6.0,1,137916
1978,Sud,51,2.0,2016,5.0,0,129366
1979,Nord,108,3.0,2023,6.0,1,245580
1980,Nord,16,2.0,1962,4.0,0,32978
1981,Centre,86,4.0,2001,10.0,0,384679
1982,Sud,44,1.0,1973,5.0,0,138536
1983,Sud,103,4.0,2017,3.0,0,263768
1984,Sud,91,3.0,1991,2.0,1,206971
1985,Ouest,38,2.0,1984,7.0,1,104936
1986,Nord,117,4.0,1996,7.0,1,280070
1987,Ouest,96,2.0,1993,6.0,0,239199
1988,Sud,61,2.0,1996,7.0,1,171061
1989,Centre,68,2.0,1996,10.0,0,305687
1990,Nord,52,3.0,1989,3.0,0,112688
1991,Ouest,92,2.0,1963,1.0,1,193628
1992,Centre,45,1.0,1962,6.0,0,193125
1993,Ouest,64,2.0,1954,5.0,1,183134
1994,Ouest,64,2.0,1955,7.0,0,200791
1995,Ouest,37,2.0,2012,6.0,1,62531
1996,Centre,36,1.0,1993,6.0,1,150996
1997,Centre,88,4.0,1958,9.0,1,371606
1998,Nord,49,1.0,1983,8.0,0,137436
1999,Ouest,110,3.0,1986,10.0,0,322279
2000,Ouest,63,1.0,1966,4.0,1,150933
2001,Ouest,88,2.0,1954,4.0,1,210942
2002,Nord,53,3.0,1956,,1,84303
2003,Ouest,64,1.0,2020,3.0,0,136779
2004,Nord,68,3.0,1968,3.0,1,151526
2005,Nord,92,2.0,1954,5.0,0,199334
2006,Nord,59,2.0,2012,1.0,0,124181
2007,Nord,112,4.0,1996,5.0,1,249403
2008,Centre,71,1.0,1955,,0,291253
2009,Centre,56,2.0,2006,6.0,1,193268
2010,Sud,80,2.0,1983,6.0,1,261046
2011,Sud,56,3.0,1997,8.0,1,187861
2012,Centre,94,2.0,1985,3.0,0,313583
2013,Nord,75,3.0,2999,8.0,1,200806
2014,Ouest,27,1.0,1989,9.0,0,73502
2015,Centre,53,2.0,1994,1.0,0,143500
2016,Ouest,66,2.0,1983,2.0,1,127503
2017,Ouest,63,3.0,2023,5.0,0,178377
2018,Nord,103,4.0,2015,5.0,0,214961
2019,Sud,86,3.0,1984,6.0,1,259994
2020,Sud,84,4.0,1997,7.0,0,254697
2021,Nord,36,2.0,1985,3.0,1,63994
2022,Ouest,81,,2021,2.0,1,176621
2023,Centre,63,2.0,1957,,0,246716
2024,Sud,36,1.0,1976,1.0,1,86017
2025,Nord,71,1.0,2014,10.0,0,211890
2026,Sud,71,1.0,2000,5.0,1,196085
2027,Ouest,113,5.0,2002,6.0,0,300846
2028,Sud,63,3.0,2004,2.0,1,140343
2029,Ouest,119,5.0,1963,6.0,0,323194
2030,Ouest,56,1.0,1976,1.0,1,105095
2031,Centre,128,4.0,1972,6.0,0,481012
2032,Sud,54,1.0,1968,9.0,1,214161
2033,Sud,75,4.0,1951,7.0,1,225718
2034,Ouest,48,,2013,7.0,1,161249
2035,Ouest,91,4.0,2003,5.0,1,256417
2036,Nord,98,2.0,1967,5.0,0,216530
2037,Ouest,51,1.0,2022,4.0,1,110021
2038,Sud,71,3.0,1950,8.0,0,226798
2039,Centre,52,1.0,1964,10.0,1,218917
2040,Sud,29,1.0,1988,3.0,0,76868
2041,Nord,70,2.0,1957,5.0,0,147756
2042,Sud,73,3.0,2000,5.0,0,180689
2043,Ouest,90,2.0,1987,7.0,1,196119
2044,Centre,80,,1972,5.0,0,251189
2045,Nord,93,2.0,2014,4.0,0,204490
2046,Nord,45,1.0,1976,10.0,1,96435
2047,Centre,86,3.0,2005,7.0,0,328889
2048,Centre,69,1.0,1961,10.0,1,293110
2049,Nord,55,1.0,1950,10.0,0,152855
2050,Centre,58,3.0,1955,6.0,1,215735
2051,Ouest,91,3.0,2000,10.0,1,270177
2052,Centre,85,3.0,2021,1.0,1,235728
2053,Ouest,57,1.0,1970,10.0,1,155895
2054,Sud,52,2.0,1987,9.0,1,188851
2055,Ouest,89,3.0,1980,4.0,0,211044
2056,Ouest,95,3.0,1975,6.0,0,226806
2057,Sud,99,3.0,1987,5.0,0,270651
2058,Ouest,69,2.0,2015,10.0,1,217724
2059,Ouest,21,2.0,1984,5.0,0,40161
2060,Sud,122,4.0,2023,9.0,0,418879
2061,Nord,50,3.0,1983,2.0,0,86077
2062,Centre,85,2.0,2014,8.0,0,351748
2063,Sud,83,4.0,1987,10.0,1,322642
2064,Sud,63,1.0,1974,2.0,1,153663
2065,Sud,76,3.0,2008,2.0,0,176438
2066,Ouest,85,3.0,2023,6.0,0,217716
2067,Centre,81,4.0,1989,7.0,0,312213
2068,Nord,120,4.0,2005,3.0,0,221945
2069,Sud,48,2.0,1992,1.0,1,500
2070,Centre,41,1.0,1965,10.0,0,167443
2071,Nord,48,1.0,2004,8.0,0,138474
2072,Centre,53,1.0,2005,6.0,1,211448
2073,Sud,65,2.0,1952,5.0,1,197489
2074,Sud,29,1.0,2009,9.0,1,85067
2075,Ouest,106,3.0,1950,5.0,0,275270
2076,Nord,106,5.0,1988,7.0,1,228471
2077,Nord,65,1.0,1990,9.0,1,167948
2078,Nord,56,2.0,1957,8.0,1,110799
2079,Nord,61,3.0,1957,1.0,0,125577
2080,Nord,80,3.0,1955,5.0,0,171411
2081,Nord,124,4.0,2007,10.0,0,355335
2082,Ouest,84,3.0,2003,7.0,0,213635
2083,Centre,76,,1984,7.0,0,255989
2084,Nord,97,3.0,2013,8.0,0,230483
2085,Nord,79,2.0,2003,9.0,0,206802
2086,Ouest,74,2.0,1971,3.0,0,141360
2087,Sud,87,2.0,2001,10.0,1,299803
2088,Nord,72,1.0,1976,10.0,1,224354
2089,Centre,54,3.0,1992,3.0,1,160847
2090,Centre,63,1.0,1994,,1,218794
2091,Sud,65,2.0,2018,2.0,0,153270
2092,Sud,55,1.0,1975,9.0,1,190804
2093,Nord,71,2.0,1959,2.0,0,109167
2094,Ouest,59,2.0,1972,9.0,1,177704
2095,Sud,15,2.0,1957,8.0,0,45519
2096,Centre,68,2.0,2023,1.0,0,186223
2097,Centre,48,2.0,2014,6.0,1,189117
2098,Centre,35,1.0,2050,4.0,1,111790
2099,Centre,75,2.0,1991,,0,322194
2100,Centre,95,,1950,1.0,0,258179
2101,Centre,42,2.0,1959,7.0,1,188226
2102,Sud,112,4.0,1974,6.0,0,346369
2103,Centre,94,3.0,1953,4.0,0,327018
2104,Ouest,43,1.0,1968,5.0,1,99607
2105,Nord,72,2.0,1964,2.0,0,126194
2106,Nord,99,4.0,1963,9.0,0,279173
2107,Sud,76,4.0,1968,2.0,1,175240
2108,Ouest,57,2.0,1994,8.0,0,171696
2109,Sud,81,2.0,1952,3.0,0,200316
2110,Sud,106,5.0,1993,8.0,0,316773
2111,Centre,101,3.0,2023,3.0,1,294464
2112,Sud,69,1.0,1990,8.0,0,244162
2113,Nord,54,2.0,1993,10.0,1,162186
2114,Nord,27,1.0,1969,3.0,1,67169
2115,Centre,28,,1956,6.0,1,129391
2116,Centre,38,1.0,1998,2.0,0,129349
2117,Ouest,78,2.0,1950,10.0,0,218813
2118,Sud,81,4.0,2011,10.0,1,287662
2119,Sud,34,1.0,1985,8.0,1,83164
2120,Nord,90,2.0,2013,10.0,0,235515
2121,Nord,79,2.0,1957,4.0,0,177088
2122,Sud,94,4.0,2006,10.0,1,329678
2123,Sud,79,3.0,1974,10.0,1,288612
2124,Centre,75,3.0,1962,2.0,0,231468
2125,Centre,47,2.0,1968,,1,130470
2126,Centre,73,3.0,1987,4.0,0,251334
2127,Centre,67,2.0,1981,2.0,1,169779
2128,Sud,40,1.0,1972,2.0,1,127998
2129,Centre,72,3.0,1981,3.0,1,195306
2130,Ouest,111,3.0,2012,8.0,1,323969
2131,Sud,26,1.0,1956,3.0,0,97050
2132,Nord,76,4.0,1978,,0,149326
2133,Nord,39,1.0,1965,5.0,0,81500
2134,Ouest,103,4.0,1955,2.0,1,238951
2135,Sud,57,3.0,2005,7.0,1,162365
2136,Nord,17,1.0,1980,5.0,0,31041
2137,Ouest,41,2.0,1978,4.0,1,103863
2138,Sud,51,2.0,1963,5.0,0,160013
2139,Ouest,54,2.0,1991,6.0,0,124939
2140,Centre,95,3.0,1957,3.0,0,328453
2141,Nord,42,1.0,1957,6.0,1,102057
2142,Sud,129,4.0,1979,2.0,0,310667
2143,Centre,68,1.0,1961,2.0,0,197993
2144,Centre,67,2.0,1952,2.0,0,190057
2145,Nord,90,3.0,1978,10.0,0,240171
2146,Sud,68,3.0,1955,5.0,0,183025
2147,Centre,73,3.0,2011,6.0,1,267493
2148,Sud,78,2.0,1981,8.0,1,249234
2149,Sud,111,5.0,1993,5.0,1,303958
2150,Ouest,45,2.0,1976,,1,126154
2151,Nord,81,3.0,2010,10.0,1,210517
2152,Nord,76,3.0,1992,9.0,1,198120
2153,Ouest,91,3.0,1969,1.0,1,201934
2154,Ouest,15,1.0,1976,2.0,0,43781
2155,Centre,82,4.0,2010,9.0,0,350155
2156,Centre,65,1.0,1953,1.0,1,184772
2157,Sud,78,3.0,1971,4.0,0,210329
2158,Centre,108,4.0,1998,3.0,0,350237
2159,Sud,67,3.0,1971,3.0,0,163541
2160,Centre,88,3.0,1961,3.0,1,267638
2161,Sud,84,4.0,2007,8.0,0,291850
2162,Sud,101,4.0,1971,7.0,0,287531
2163,Ouest,66,2.0,1990,4.0,0,139414
2164,Sud,58,2.0,2017,9.0,0,207054
2165,Sud,29,2.0,1959,4.0,0,88045
2166,Ouest,44,1.0,2009,9.0,1,153867
2167,Ouest,89,3.0,1986,6.0,1,233512
2168,Ouest,62,1.0,1999,,1,169749
2169,Ouest,26,1.0,1988,9.0,0,67645
2170,Sud,89,3.0,1997,4.0,0,217141
2171,Nord,80,4.0,1977,1.0,0,122914
2172,Ouest,61,3.0,1959,4.0,1,127555
2173,Centre,75,3.0,2000,6.0,1,297444
2174,Sud,83,3.0,1995,10.0,1,260026
2175,Nord,61,2.0,2016,4.0,0,142819
2176,Centre,105,4.0,2014,8.0,0,423128
2177,Ouest,54,3.0,1953,7.0,1,166191
2178,Sud,67,1.0,1999,5.0,1,208260
2179,Sud,90,3.0,2004,5.0,0,260972
2180,Centre,31,1.0,1955,,0,127653
2181,Nord,59,3.0,1988,3.0,1,91248
2182,Nord,106,4.0,1956,5.0,0,172389
2183,Centre,86,2.0,2002,8.0,0,362169
2184,Nord,81,3.0,2004,8.0,1,192819
2185,Sud,84,4.0,1952,3.0,0,214302
2186,Ouest,65,2.0,1980,1.0,0,129008
2187,Nord,16,,1957,7.0,0,35772
2188,Ouest,95,3.0,1950,6.0,1,260679
2189,Sud,83,2.0,2006,2.0,0,162585
2190,Nord,103,5.0,1970,10.0,0,280432
2191,Ouest,82,2.0,1963,9.0,1,259519
2192,Nord,23,1.0,2015,9.0,1,76924
2193,Nord,60,2.0,1975,5.0,0,135534
2194,Centre,89,4.0,1976,3.0,0,279368
2195,Nord,81,3.0,2005,2.0,1,153645
2196,Ouest,33,1.0,2004,5.0,0,71579
2197,Ouest,139,5.0,2002,5.0,0,343726
2198,Nord,15,1.0,1967,4.0,0,29954
2199,Nord,108,,2014,4.0,1,222156
2200,Sud,58,1.0,1981,1.0,1,125314
2201,Sud,49,2.0,1992,7.0,0,151407
2202,Sud,70,3.0,1991,3.0,1,185491
2203,Centre,80,3.0,1962,4.0,1,278702
2204,Centre,90,3.0,2022,1.0,0,270547
2205,Ouest,52,3.0,1995,4.0,1,137861
2206,Ouest,95,4.0,2015,9.0,1,272902
2207,Ouest,50,3.0,2004,5.0,1,153936
2208,Sud,84,3.0,1967,7.0,1,249399
2209,Nord,58,2.0,1981,9.0,0,149172
2210,Nord,85,2.0,2001,8.0,1,210072
2211,Centre,60,3.0,1978,10.0,1,267135
2212,Ouest,61,1.0,2001,4.0,0,500
2213,Centre,49,1.0,1983,8.0,0,181839
2214,Centre,60,3.0,1956,8.0,1,238830
2215,Sud,47,1.0,1995,5.0,1,142850
2216,Ouest,31,1.0,2010,5.0,1,83521
2217,Sud,30,2.0,1981,7.0,1,89290
2218,Nord,85,3.0,1981,5.0,0,191945
2219,Centre,48,1.0,1997,3.0,1,145218
2220,Ouest,46,2.0,2018,7.0,1,147241
2221,Sud,116,3.0,2023,2.0,0,257615
2222,Centre,65,1.0,1978,,0,266947
2223,Centre,30,1.0,2022,,1,109215
2224,Centre,59,2.0,2005,2.0,0,174278
2225,Sud,89,4.0,1989,10.0,0,300515
2226,Centre,88,3.0,1997,9.0,1,364600
2227,Nord,105,5.0,1955,2.0,0,168455
2228,Centre,99,4.0,1986,3.0,1,300579
2229,Centre,105,4.0,1952,4.0,0,346034
2230,Sud,79,3.0,1959,7.0,0,276456
2231,Nord,35,2.0,2015,3.0,1,74754
2232,Ouest,59,2.0,1994,3.0,1,145187
2233,Ouest,52,1.0,1989,1.0,1,133110
2234,Sud,91,2.0,2023,9.0,0,284166
2235,Nord,60,3.0,2023,10.0,0,178469
2236,Nord,53,2.0,1985,3.0,0,119410
2237,Ouest,89,2.0,1999,8.0,1,247341
2238,Nord,92,2.0,1968,2.0,0,163783
2239,Ouest,127,4.0,1959,1.0,1,242993
2240,Centre,81,3.0,2007,1.0,1,228350
2241,Centre,92,2.0,1956,7.0,1,370714
2242,Sud,83,3.0,1982,4.0,0,227591
2243,Nord,35,2.0,1997,3.0,0,48383
2244,Ouest,71,1.0,2007,3.0,1,177844
2245,Centre,119,4.0,1955,1.0,0,312108
2246,Sud,90,,1957,5.0,0,251415
2247,Centre,24,1.0,1980,10.0,0,120034
2248,Nord,120,3.0,2006,9.0,0,315340
2249,Sud,16,1.0,2011,9.0,0,20797
2250,Ouest,110,3.0,1966,4.0,0,282502
2251,Centre,98,4.0,1970,1.0,0,284554
2252,Sud,106,5.0,2001,,1,230085
2253,Nord,74,3.0,1955,1.0,1,136066
2254,Sud,87,3.0,1988,10.0,0,291368
2255,Sud,112,4.0,2016,1.0,0,231227
2256,Ouest,41,2.0,1993,4.0,1,80848
2257,Ouest,73,,1979,5.0,0,184065
2258,Nord,81,3.0,1971,8.0,1,203937
2259,Nord,81,4.0,2003,7.0,1,177592
2260,Sud,94,2.0,1982,2.0,0,217376
2261,Ouest,83,2.0,1968,10.0,1,243002
2262,Ouest,67,2.0,1969,9.0,0,222997
2263,Centre,89,2.0,1954,5.0,1,304064
2264,Nord,80,2.0,1988,9.0,0,222824
2265,Ouest,62,1.0,2000,9.0,1,209811
2266,Sud,76,2.0,1984,2.0,1,155674
2267,Centre,51,3.0,1996,2.0,0,500
2268,Centre,81,2.0,1954,6.0,1,325868
2269,Nord,30,2.0,1964,8.0,1,81887
2270,Ouest,66,1.0,1950,5.0,0,168082
2271,Nord,49,1.0,1964,3.0,0,90131
2272,Nord,61,2.0,1950,4.0,0,149045
2273,Centre,80,3.0,1953,6.0,1,306647
2274,Nord,49,2.0,2015,9.0,1,139644
2275,Nord,75,3.0,1974,5.0,1,153301
2276,Sud,96,3.0,2003,6.0,1,263684
2277,Centre,71,3.0,1960,5.0,0,230082
2278,Nord,58,3.0,1954,2.0,1,77401
2279,Sud,78,2.0,2023,4.0,0,205660
2280,Ouest,85,3.0,1975,5.0,1,210941
2281,Ouest,59,1.0,1975,5.0,1,136784
2282,Nord,90,4.0,2016,4.0,1,171068
2283,Nord,85,4.0,1981,9.0,1,254544
2284,Centre,96,3.0,1952,5.0,0,330408
2285,Centre,77,2.0,2012,10.0,1,349749
2286,Sud,83,4.0,1952,4.0,0,237683
2287,Centre,62,2.0,1957,10.0,0,266468
2288,Sud,79,3.0,1975,8.0,0,264058
2289,Nord,73,2.0,2021,4.0,0,164776
2290,Centre,60,1.0,2022,2.0,0,197584
2291,Sud,55,1.0,2013,10.0,0,196291
2292,Ouest,45,2.0,1959,2.0,1,84062
2293,Sud,20,1.0,1992,10.0,0,59420
2294,Nord,94,3.0,1961,8.0,0,232952
2295,Sud,54,1.0,1955,4.0,0,165519
2296,Ouest,46,1.0,1958,9.0,1,149239
2297,Sud,56,2.0,1957,2.0,0,137972
2298,Sud,33,2.0,1963,10.0,1,141008
2299,Sud,41,1.0,2006,5.0,1,120725
2300,Ouest,53,3.0,1968,3.0,0,102812
2301,Sud,92,2.0,1982,1.0,0,232805
2302,Nord,81,4.0,2018,1.0,1,148995
2303,Ouest,103,3.0,2018,4.0,0,232520
2304,Sud,104,5.0,1952,6.0,1,292555
2305,Centre,38,1.0,1996,7.0,0,153684
2306,Sud,69,2.0,1955,6.0,0,207872
2307,Nord,68,3.0,1952,1.0,1,139382
2308,Nord,56,2.0,2003,5.0,0,133071
2309,Centre,81,3.0,1972,4.0,1,228488
2310,Nord,81,3.0,1972,3.0,0,180008
2311,Ouest,65,3.0,2009,1.0,1,141293
2312,Ouest,74,1.0,1980,1.0,0,146715
2313,Sud,89,4.0,1992,1.0,0,170804
2314,Nord,83,2.0,1992,7.0,0,163838
2315,Nord,70,1.0,2014,1.0,1,131111
2316,Nord,54,2.0,1966,10.0,0,192211
2317,Sud,19,1.0,1999,3.0,0,69118
2318,Nord,76,3.0,2013,4.0,1,174296
2319,Centre,69,3.0,1968,6.0,1,271524
2320,Centre,67,2.0,2050,4.0,0,232859
2321,Ouest,101,4.0,2005,6.0,0,246007
2322,Sud,85,4.0,2000,8.0,0,289093
2323,Ouest,53,,2005,7.0,1,120513
2324,Ouest,58,2.0,1951,3.0,0,138234
2325,Nord,104,4.0,2014,4.0,1,230009
2326,Sud,87,3.0,2006,,1,227486
2327,Nord,63,2.0,1968,4.0,1,118612
2328,Nord,84,3.0,2011,3.0,0,174505
2329,Ouest,103,3.0,1970,3.0,0,243254
2330,Nord,84,4.0,1969,6.0,0,205316
2331,Centre,41,1.0,1958,1.0,0,127678
2332,Centre,118,3.0,2013,8.0,1,506655
2333,Nord,70,2.0,2010,3.0,0,144392
2334,Ouest,91,4.0,1985,9.0,0,263150
2335,Sud,76,2.0,2007,4.0,0,211146
2336,Nord,51,2.0,1968,3.0,0,81565
2337,Ouest,77,2.0,2005,8.0,1,226341
2338,Nord,83,2.0,1981,1.0,0,155793
2339,Centre,73,3.0,1973,10.0,1,296500
2340,Sud,84,3.0,2015,1.0,1,171191
2341,Sud,98,,1951,1.0,1,190793
2342,Sud,50,2.0,1976,2.0,0,96903
2343,Ouest,65,3.0,2017,6.0,0,168425
2344,Ouest,66,3.0,2015,2.0,1,131889
2345,Centre,87,2.0,1984,5.0,0,291609
2346,Ouest,70,1.0,2003,3.0,0,136961
2347,Centre,38,1.0,2019,4.0,0,101578
2348,Sud,48,2.0,1950,7.0,1,150535
2349,Centre,79,3.0,1955,4.0,1,278143
2350,Ouest,58,2.0,2050,1.0,0,111250
2351,Ouest,67,2.0,1979,10.0,1,200628
2352,Nord,73,1.0,1995,1.0,0,129651
2353,Ouest,60,3.0,1957,2.0,1,118455
2354,Nord,49,1.0,2006,6.0,1,130567
2355,Nord,65,1.0,1996,10.0,1,181651
2356,Centre,38,1.0,1969,8.0,1,130589
2357,Nord,44,2.0,2007,8.0,0,112594
2358,Nord,32,1.0,2010,6.0,0,75228
2359,Nord,21,1.0,1953,10.0,0,59654
2360,Nord,115,3.0,2007,3.0,1,237745
2361,Nord,118,5.0,1966,10.0,1,317871
2362,Centre,54,1.0,1958,10.0,0,215329
2363,Ouest,105,4.0,2008,,0,192614
2364,Nord,60,3.0,1994,,1,122887
2365,Nord,94,3.0,1967,10.0,0,294027
2366,Sud,64,2.0,2013,6.0,1,190083
2367,Ouest,95,3.0,1983,7.0,0,280753
2368,Centre,42,2.0,2050,4.0,1,181670
2369,Sud,78,4.0,1975,5.0,0,221996
2370,Centre,117,3.0,2000,5.0,0,411056
2371,Nord,99,4.0,1995,6.0,0,218714
2372,Nord,58,2.0,1971,9.0,0,134234
2373,Nord,98,4.0,1975,7.0,0,243972
2374,Nord,57,2.0,1970,1.0,1,83677
2375,Ouest,15,2.0,1974,8.0,1,72129
2376,Nord,83,4.0,1997,6.0,0,182996
2377,Sud,42,2.0,2022,5.0,1,129045
2378,Centre,103,3.0,1964,2.0,1,299604
2379,Nord,118,4.0,1976,7.0,0,295060
2380,Ouest,29,2.0,1990,4.0,1,105309
2381,Centre,97,3.0,1968,3.0,1,308217
2382,Sud,60,1.0,1967,5.0,1,139924
2383,Ouest,87,2.0,1997,3.0,1,179595
2384,Nord,82,4.0,2004,3.0,0,166800
2385,Nord,99,4.0,2020,7.0,1,271320
2386,Ouest,132,6.0,1989,6.0,1,373209
2387,Ouest,50,1.0,1969,9.0,0,164997
2388,Nord,93,2.0,1959,6.0,0,238899
2389,Sud,82,2.0,1952,3.0,0,211528
2390,Nord,69,1.0,1998,,1,127504
2391,Ouest,44,1.0,1973,8.0,1,159944
2392,Sud,93,4.0,1965,10.0,1,332001
2393,Ouest,15,1.0,1951,3.0,1,31560
2394,Centre,79,2.0,2009,7.0,0,305273
2395,Ouest,62,3.0,1993,7.0,0,199672
2396,Sud,82,3.0,2007,9.0,1,294222
2397,Sud,23,1.0,1972,8.0,0,78914
2398,Centre,80,4.0,1980,1.0,0,207784
2399,Centre,64,2.0,1972,2.0,1,206439
2400,Nord,42,1.0,1958,6.0,0,92845
2401,Nord,62,1.0,1995,5.0,1,151836
2402,Centre,76,4.0,1991,4.0,0,251239
2403,Nord,76,2.0,2020,10.0,1,230849
2404,Ouest,89,3.0,1950,10.0,1,251195
2405,Nord,62,3.0,2002,1.0,1,108775
2406,Ouest,86,3.0,1952,2.0,0,147786
2407,Nord,48,1.0,1997,1.0,0,68937
2408,Centre,49,1.0,2015,2.0,1,133104
2409,Sud,72,1.0,1980,5.0,1,194727
2410,Sud,15,1.0,1965,10.0,0,35512
2411,Ouest,56,1.0,1965,8.0,1,150545
2412,Sud,139,5.0,1998,7.0,0,440049
2413,Sud,70,1.0,1981,7.0,1,199299
2414,Sud,76,2.0,2004,1.0,1,170880
2415,Sud,84,,1959,7.0,0,269542
2416,Ouest,67,3.0,1950,5.0,1,163336
2417,Nord,43,1.0,1977,8.0,1,104942
2418,Centre,85,3.0,2011,4.0,1,267231
2419,Nord,88,2.0,1978,10.0,1,233178
2420,Nord,84,3.0,1994,4.0,0,169037
2421,Nord,85,4.0,1971,1.0,0,147006
2422,Ouest,66,3.0,2019,7.0,0,182566
2423,Nord,83,2.0,1965,5.0,0,167867
2424,Nord,97,2.0,1980,1.0,0,133569
2425,Sud,112,4.0,1972,4.0,0,280891
2426,Nord,73,3.0,1983,2.0,0,160481
2427,Centre,48,1.0,2050,8.0,1,178425
2428,Nord,57,3.0,2016,5.0,1,108404
2429,Nord,26,1.0,1972,1.0,0,46081
2430,Ouest,64,2.0,1990,9.0,1,197277
2431,Nord,87,2.0,2010,6.0,0,227334
2432,Nord,101,4.0,2011,1.0,1,172853
2433,Nord,79,4.0,2022,4.0,1,149623
2434,Sud,40,1.0,1982,6.0,0,141035
2435,Ouest,70,3.0,1989,2.0,1,156686
2436,Ouest,37,1.0,200,4.0,1,90666
2437,Nord,83,4.0,1993,4.0,1,165321
2438,Ouest,22,1.0,2000,8.0,1,71254
2439,Nord,44,2.0,2017,5.0,0,80510
2440,Ouest,15,1.0,1987,3.0,1,26576
2441,Nord,93,4.0,1985,10.0,1,212435
2442,Centre,24,1.0,2021,6.0,1,90897
2443,Sud,103,4.0,1990,3.0,1,244974
2444,Sud,75,3.0,2012,3.0,1,183872
2445,Ouest,109,4.0,2015,9.0,0,312500
2446,Ouest,60,2.0,2002,9.0,0,191492
2447,Nord,110,5.0,1988,4.0,1,225870
2448,Ouest,89,2.0,1964,6.0,1,247485
2449,Sud,62,3.0,1952,9.0,0,222682
2450,Centre,76,3.0,1990,8.0,1,320568
2451,Nord,67,2.0,1988,6.0,1,157491
2452,Centre,58,1.0,1993,10.0,1,276746
2453,Ouest,75,3.0,1974,7.0,0,204804
2454,Sud,78,2.0,2000,10.0,0,267994
2455,Centre,56,3.0,2013,10.0,0,236394
2456,Centre,55,3.0,1962,,0,202674
2457,Nord,117,4.0,2007,3.0,0,236541
2458,Centre,46,1.0,2023,9.0,1,199271
2459,Sud,53,2.0,2023,,0,146737
2460,Nord,64,2.0,1950,6.0,1,161875
2461,Nord,94,3.0,2001,4.0,0,214204
2462,Sud,48,1.0,1984,,0,114769
2463,Ouest,87,4.0,1981,5.0,1,218048
2464,Centre,90,2.0,2015,4.0,1,299910
2465,Sud,54,1.0,1956,1.0,1,104221
2466,Ouest,64,1.0,1984,,1,184448
2467,Centre,52,2.0,1992,9.0,0,216737
2468,Ouest,76,2.0,2000,10.0,0,224254
2469,Nord,68,2.0,200,3.0,1,106917
2470,Nord,18,1.0,1979,3.0,1,26571
2471,Sud,42,1.0,1991,5.0,0,114051
2472,Nord,70,1.0,2019,5.0,1,136528
2473,Centre,79,2.0,1971,3.0,1,264088
2474,Sud,91,,1986,5.0,1,255547
2475,Sud,66,1.0,2006,5.0,1,174054
2476,Nord,74,1.0,1975,4.0,1,149158
2477,Centre,70,1.0,1957,7.0,0,259866
2478,Centre,60,2.0,2001,2.0,1,182371
2479,Ouest,45,1.0,2002,4.0,0,84669
2480,Centre,79,3.0,2012,1.0,0,221473
2481,Centre,94,3.0,1997,2.0,1,254553
2482,Ouest,37,1.0,1983,10.0,0,131411
2483,Nord,45,1.0,2007,8.0,1,79516
2484,Centre,38,1.0,1987,6.0,0,134405
2485,Nord,57,2.0,1960,5.0,1,117336
2486,Centre,49,2.0,2023,3.0,0,157057
2487,Centre,89,2.0,1966,7.0,1,336269
2488,Nord,81,2.0,1976,8.0,0,218571
2489,Sud,65,2.0,1982,9.0,1,201667
2490,Nord,54,1.0,2003,7.0,0,139265
2491,Ouest,92,3.0,2021,7.0,1,248658
2492,Ouest,15,2.0,1993,,0,48208
2493,Ouest,24,2.0,1993,7.0,1,58165
2494,Ouest,40,1.0,1977,1.0,0,104074
2495,Nord,60,3.0,1950,10.0,1,169055
2496,Ouest,66,3.0,1968,3.0,1,155419
2497,Sud,76,4.0,1963,5.0,0,194275
2498,Nord,100,3.0,2023,1.0,0,184909
2499,Centre,63,1.0,2021,9.0,0,253609
2500,Nord,81,3.0,2018,7.0,0,225420
2501,Centre,84,4.0,1957,7.0,0,326647
2502,Nord,97,4.0,1964,10.0,0,266387
2503,Nord,68,1.0,1988,2.0,1,123383
2504,Sud,101,4.0,1977,1.0,0,227039
2505,Centre,75,4.0,1951,6.0,0,290414
2506,Sud,114,5.0,1979,4.0,1,297587
2507,Sud,53,3.0,2014,2.0,1,117547
2508,Centre,102,4.0,1963,7.0,1,375374
2509,Ouest,17,1.0,2003,4.0,0,44559
2510,Centre,67,1.0,1956,4.0,0,233963
2511,Nord,41,1.0,2001,5.0,0,80062
2512,Sud,28,2.0,2013,9.0,0,117327
2513,Nord,96,2.0,1984,5.0,1,207567
2514,Centre,45,2.0,2021,10.0,0,193488
2515,Centre,57,1.0,1964,10.0,0,257355
2516,Ouest,61,1.0,1979,10.0,1,219919
2517,Ouest,65,1.0,1992,2.0,0,129630
2518,Ouest,80,4.0,1983,1.0,0,156800
2519,Ouest,80,2.0,1956,4.0,1,193636
2520,Ouest,44,1.0,2007,2.0,1,90695
2521,Centre,43,2.0,2004,1.0,0,141000
2522,Centre,127,6.0,1985,4.0,1,425384
2523,Sud,31,2.0,1989,5.0,1,109377
2524,Centre,81,2.0,1957,10.0,0,349792
2525,Nord,59,2.0,1970,4.0,0,109933
2526,Ouest,92,2.0,1952,1.0,0,190311
2527,Nord,73,3.0,1977,4.0,0,147660
2528,Sud,74,1.0,1998,3.0,1,229168
2529,Centre,90,2.0,1972,8.0,1,370221
2530,Ouest,61,2.0,2017,5.0,1,162980
2531,Nord,100,,1973,9.0,0,270560
2532,Nord,103,3.0,2015,4.0,1,228567
2533,Centre,97,3.0,2999,3.0,1,303359
2534,Nord,90,2.0,1998,7.0,1,233643
2535,Nord,71,2.0,1967,5.0,1,167617
2536,Ouest,43,2.0,1967,2.0,1,93668
2537,Centre,63,1.0,2013,6.0,1,270229
2538,Sud,66,,1955,6.0,1,183275
2539,Centre,82,3.0,2023,5.0,1,301663
2540,Nord,54,2.0,1984,1.0,1,82554
2541,Nord,46,2.0,1951,1.0,0,67078
2542,Centre,53,1.0,1991,10.0,0,228824
2543,Centre,81,2.0,1980,2.0,0,239944
2544,Ouest,62,3.0,1985,7.0,1,185085
2545,Sud,75,2.0,1994,7.0,0,203369
2546,Sud,32,2.0,1952,6.0,1,94930
2547,Ouest,99,3.0,2050,4.0,0,210617
2548,Centre,98,2.0,1975,8.0,1,396151
2549,Centre,40,1.0,2020,4.0,0,158951
2550,Sud,81,2.0,1969,4.0,1,197742
2551,Sud,104,3.0,1964,5.0,0,285068
2552,Ouest,70,3.0,2002,2.0,0,140931
2553,Ouest,94,2.0,1959,9.0,1,289369
2554,Nord,29,1.0,1973,2.0,1,73205
2555,Nord,111,3.0,2011,7.0,1,233458
2556,Ouest,89,3.0,2018,9.0,0,251004
2557,Centre,74,2.0,2007,2.0,1,201905
2558,Sud,45,2.0,1982,9.0,1,135973
2559,Sud,70,1.0,2012,1.0,1,151119
2560,Nord,21,2.0,1989,3.0,1,500
2561,Sud,100,5.0,1968,1.0,1,193699
2562,Ouest,70,3.0,1972,,1,198510
2563,Sud,67,1.0,1978,8.0,0,215572
2564,Centre,82,4.0,1985,9.0,0,355850
2565,Sud,106,3.0,2005,8.0,1,320487
2566,Nord,73,2.0,1976,1.0,1,149565
2567,Centre,98,4.0,1987,7.0,1,374294
2568,Ouest,62,3.0,1985,10.0,1,182448
2569,Nord,78,3.0,2008,8.0,0,199773
2570,Sud,62,3.0,1977,9.0,1,223171
2571,Ouest,76,4.0,2050,8.0,1,217087
2572,Sud,97,2.0,1991,4.0,0,256978
2573,Centre,81,4.0,2014,7.0,1,327946
2574,Sud,36,2.0,2001,9.0,0,122657
2575,Centre,56,2.0,2012,3.0,1,161283
2576,Nord,100,5.0,1994,1.0,1,169499
2577,Nord,105,3.0,1972,9.0,0,257821
2578,Centre,24,2.0,1985,9.0,1,104439
2579,Sud,53,2.0,2012,6.0,1,166352
2580,Centre,54,1.0,2013,8.0,1,208134
2581,Ouest,91,2.0,1958,2.0,0,206161
2582,Sud,67,3.0,1966,7.0,1,216485
2583,Centre,45,2.0,1974,6.0,0,168886
2584,Centre,76,4.0,1958,2.0,0,208035
2585,Centre,61,1.0,2005,,0,257686
2586,Sud,50,3.0,1950,2.0,1,123884
2587,Centre,71,2.0,1994,7.0,1,264399
2588,Centre,15,2.0,2023,9.0,0,91431
2589,Sud,20,2.0,1968,8.0,0,58198
2590,Centre,78,3.0,1991,7.0,1,295737
2591,Sud,82,4.0,2002,,0,213718
2592,Nord,62,1.0,1952,8.0,1,123338
2593,Ouest,72,3.0,2000,9.0,1,210541
2594,Sud,88,3.0,1959,3.0,0,196456
2595,Ouest,41,1.0,2005,9.0,1,127871
2596,Sud,113,4.0,1976,8.0,0,385645
2597,Nord,22,2.0,1992,5.0,1,24527
2598,Ouest,56,1.0,1983,10.0,0,175238
2599,Sud,69,1.0,1952,8.0,0,212401
2600,Sud,130,4.0,1994,2.0,1,300265
2601,Sud,61,1.0,1976,4.0,1,193047
2602,Ouest,108,5.0,2016,4.0,0,273034
2603,Nord,78,3.0,2019,5.0,0,183196
2604,Nord,77,4.0,2022,4.0,1,157739
2605,Ouest,41,1.0,1976,9.0,0,135438
2606,Sud,65,2.0,1952,2.0,0,175835
2607,Centre,82,3.0,1980,9.0,0,319406
2608,Sud,87,2.0,2012,1.0,1,199252
2609,Ouest,78,2.0,1985,4.0,1,205893
2610,Nord,28,2.0,1986,1.0,1,49100
2611,Nord,65,1.0,1952,10.0,0,185827
2612,Nord,32,,2017,10.0,0,79793
2613,Centre,31,1.0,2009,5.0,1,116781
2614,Nord,82,3.0,1961,,0,202984
2615,Sud,20,2.0,1978,2.0,0,48056
2616,Sud,99,2.0,1954,8.0,1,318793
2617,Centre,105,4.0,1981,2.0,0,290628
2618,Ouest,68,3.0,1977,7.0,1,184827
2619,Centre,63,1.0,1974,7.0,1,241934
2620,Nord,97,3.0,1977,5.0,1,183484
2621,Nord,88,2.0,1996,1.0,1,138197
2622,Nord,75,3.0,1991,5.0,1,171492
2623,Sud,34,1.0,1965,7.0,1,112837
2624,Nord,96,2.0,1986,1.0,0,174163
2625,Nord,74,3.0,1958,2.0,0,165661
2626,Sud,93,,1952,,1,236855
2627,Sud,66,3.0,1971,1.0,1,125055
2628,Nord,33,1.0,1963,6.0,1,69003
2629,Nord,70,2.0,1987,5.0,1,174804
2630,Ouest,78,3.0,1956,2.0,0,172875
2631,Ouest,60,3.0,2008,7.0,1,179006
2632,Nord,85,4.0,2009,10.0,1,240914
2633,Nord,68,1.0,2006,2.0,1,134566
2634,Sud,82,3.0,1960,8.0,0,265176
2635,Ouest,49,1.0,2018,5.0,1,110432
2636,Ouest,73,2.0,1976,4.0,1,189636
2637,Ouest,39,1.0,1979,,0,125738
2638,Sud,65,3.0,1974,9.0,1,225983
2639,Sud,94,3.0,1950,2.0,0,224801
2640,Centre,45,2.0,1959,10.0,0,195036
2641,Centre,45,1.0,1958,6.0,0,164599
2642,Nord,50,3.0,2000,7.0,0,128036
2643,Ouest,81,2.0,1976,10.0,0,269667
2644,Nord,84,3.0,1966,6.0,1,169091
2645,Centre,41,1.0,1957,9.0,0,185728
2646,Sud,115,5.0,2014,7.0,0,359045
2647,Nord,33,2.0,1990,9.0,1,97350
2648,Sud,45,1.0,1954,6.0,0,136227
2649,Centre,87,3.0,1971,1.0,1,242897
2650,Sud,93,2.0,2023,9.0,1,333271
2651,Nord,109,3.0,1994,6.0,1,236557
2652,Nord,98,4.0,2022,4.0,0,192525
2653,Nord,52,1.0,1955,9.0,1,138835
2654,Ouest,95,3.0,1993,7.0,0,262183
2655,Nord,60,1.0,2019,10.0,1,166542
2656,Centre,63,,1958,3.0,0,192319
2657,Ouest,63,2.0,1997,10.0,1,202648
2658,Sud,51,1.0,1975,,0,112254
2659,Ouest,101,5.0,1970,2.0,0,206199
2660,Centre,29,1.0,1965,8.0,1,129026
2661,Ouest,110,3.0,2023,2.0,1,230416
2662,Ouest,83,3.0,2020,6.0,0,214152
2663,Sud,93,3.0,1984,5.0,0,255773
2664,Nord,62,3.0,2002,2.0,1,114874
2665,Centre,96,3.0,2017,4.0,1,319904
2666,Sud,67,1.0,1970,8.0,1,233907
2667,Ouest,103,3.0,2009,3.0,1,237346
2668,Centre,98,3.0,1999,1.0,1,254527
2669,Ouest,107,5.0,1955,4.0,0,245621
2670,Centre,39,1.0,1958,2.0,0,147787
2671,Nord,97,3.0,1986,4.0,1,218404
2672,Centre,67,3.0,1951,4.0,1,211637
2673,Ouest,54,3.0,2009,8.0,0,149723
2674,Ouest,37,2.0,1997,7.0,1,100674
2675,Sud,50,,1955,3.0,1,98815
2676,Ouest,53,3.0,1961,,0,152639
2677,Centre,66,3.0,2006,10.0,1,275450
2678,Centre,32,2.0,1969,1.0,1,83288
2679,Ouest,65,3.0,1988,6.0,0,205785
2680,Ouest,83,4.0,2009,6.0,0,224729
2681,Nord,87,4.0,1959,,0,259327
2682,Sud,35,1.0,2003,4.0,0,64835
2683,Nord,43,,1956,3.0,1,79700
2684,Nord,77,3.0,1964,2.0,1,140033
2685,Centre,45,1.0,1991,7.0,0,165017
2686,Centre,26,2.0,1988,6.0,0,98294
2687,Centre,79,2.0,2009,5.0,1,291719
2688,Sud,63,3.0,2012,6.0,0,183319
2689,Sud,16,1.0,2006,3.0,0,45158
2690,Ouest,101,5.0,2016,8.0,1,295289
2691,Ouest,59,2.0,1979,3.0,0,105789
2692,Nord,78,4.0,2013,5.0,1,175891
2693,Ouest,55,1.0,1965,8.0,1,150523
2694,Centre,39,1.0,2008,10.0,0,180458
2695,Nord,38,1.0,1983,2.0,1,99346
2696,Ouest,58,1.0,2010,4.0,1,141244
2697,Ouest,61,3.0,1957,6.0,0,152912
2698,Centre,76,3.0,1968,6.0,1,262470
2699,Centre,90,3.0,1985,9.0,0,387570
2700,Ouest,23,1.0,1972,5.0,1,48730
2701,Nord,107,3.0,1976,1.0,0,174405
2702,Sud,102,5.0,1962,6.0,1,343128
2703,Centre,56,2.0,2019,10.0,1,252758
2704,Ouest,81,4.0,1981,8.0,1,222064
2705,Nord,29,1.0,1999,4.0,0,63151
2706,Sud,81,2.0,1952,7.0,1,248143
2707,Sud,74,1.0,2009,,1,178453
2708,Nord,72,3.0,2014,4.0,1,164243
2709,Centre,75,3.0,2008,10.0,0,309029
2710,Sud,58,3.0,1998,5.0,1,159675
2711,Centre,63,2.0,1953,3.0,1,205824
2712,Sud,83,3.0,1995,8.0,0,278143
2713,Centre,116,3.0,1951,7.0,1,440017
2714,Nord,23,1.0,1983,1.0,0,32458
2715,Sud,66,3.0,2015,4.0,0,171470
2716,Sud,80,2.0,1952,2.0,1,212848
2717,Centre,81,4.0,1971,4.0,1,274917
2718,Centre,59,3.0,1996,2.0,0,186213
2719,Centre,73,3.0,2008,10.0,1,324811
2720,Sud,82,3.0,1959,8.0,0,279362
2721,Nord,32,1.0,2022,2.0,1,74717
2722,Nord,61,1.0,2014,9.0,1,127251
2723,Centre,75,4.0,1966,3.0,1,263564
2724,Ouest,89,2.0,2023,8.0,0,268735
2725,Centre,152,7.0,2022,7.0,1,596367
2726,Ouest,58,2.0,2999,6.0,0,144388
2727,Centre,133,4.0,1977,8.0,1,512678
2728,Sud,128,4.0,2050,10.0,0,462670
2729,Nord,81,4.0,1997,6.0,1,206151
2730,Nord,62,2.0,2003,2.0,1,87919
2731,Ouest,15,1.0,1977,1.0,0,42510
2732,Centre,77,4.0,1971,5.0,0,308759
2733,Nord,48,1.0,1990,9.0,0,112031
2734,Centre,70,,1993,,1,297421
2735,Sud,79,2.0,1954,3.0,0,204556
2736,Nord,106,3.0,2017,5.0,1,238486
2737,Sud,89,4.0,1989,3.0,1,217936
2738,Centre,34,2.0,2009,,1,126393
2739,Sud,15,,2022,10.0,0,51038
2740,Ouest,50,1.0,2001,2.0,1,117104
2741,Sud,61,2.0,1979,5.0,0,186444
2742,Centre,94,4.0,1987,6.0,0,361460
2743,Centre,72,3.0,1968,7.0,1,285941
2744,Sud,56,2.0,1979,8.0,0,179076
2745,Centre,57,1.0,2999,,0,184998
2746,Sud,86,3.0,2000,4.0,0,500
2747,Ouest,54,3.0,1970,4.0,1,115872
2748,Nord,46,2.0,1967,3.0,0,92218
2749,Ouest,44,,1996,7.0,0,118944
2750,Ouest,31,2.0,1977,6.0,0,76376
2751,Nord,104,5.0,2015,8.0,0,267817
2752,Ouest,41,2.0,1985,2.0,1,96842
2753,Nord,107,4.0,1988,3.0,1,202556
2754,Nord,72,3.0,2002,8.0,0,150598
2755,Ouest,124,4.0,1972,3.0,1,278803
2756,Ouest,99,4.0,1982,7.0,0,271878
2757,Centre,94,3.0,2006,7.0,1,374560
2758,Sud,78,3.0,1963,2.0,0,185599
2759,Ouest,61,1.0,1964,10.0,1,176859
2760,Sud,63,1.0,1956,7.0,1,207445
2761,Ouest,81,2.0,2050,,1,190505
2762,Centre,91,3.0,1959,7.0,1,339905
2763,Nord,92,2.0,2012,5.0,0,218753
2764,Nord,76,3.0,1986,3.0,1,145214
2765,Ouest,83,3.0,2023,5.0,1,224783
2766,Centre,53,1.0,2050,2.0,1,148412
2767,Nord,90,3.0,2019,2.0,1,154148
2768,Sud,52,1.0,1976,5.0,0,156733
2769,Nord,45,1.0,1981,10.0,1,121419
2770,Ouest,29,1.0,1960,7.0,0,77057
2771,Ouest,125,5.0,2023,3.0,1,290343
2772,Centre,60,3.0,2020,1.0,1,170827
2773,Nord,112,4.0,1968,8.0,0,261052
2774,Ouest,96,4.0,1988,7.0,0,253673
2775,Ouest,86,2.0,2010,10.0,1,269364
2776,Ouest,127,6.0,1968,6.0,0,322219
2777,Sud,90,2.0,2002,3.0,0,222388
2778,Centre,59,2.0,1982,8.0,1,209778
2779,Nord,79,4.0,1952,1.0,0,158252
2780,Sud,71,1.0,1983,8.0,0,258779
2781,Nord,37,2.0,1998,,1,70525
2782,Nord,85,4.0,1999,9.0,1,212219
2783,Ouest,77,2.0,1971,6.0,0,168578
2784,Sud,15,1.0,1955,,1,70140
2785,Ouest,112,3.0,1954,3.0,0,289743
2786,Sud,86,4.0,1973,1.0,1,202746
2787,Nord,76,2.0,2021,2.0,0,134827
2788,Nord,89,4.0,1962,10.0,1,274337
2789,Ouest,52,1.0,2021,2.0,0,127134
2790,Sud,70,3.0,1976,3.0,0,179969
2791,Centre,110,4.0,1969,10.0,0,451986
2792,Ouest,74,3.0,2007,6.0,1,195557
2793,Nord,48,1.0,1995,6.0,0,109348
2794,Nord,94,3.0,1967,10.0,1,244078
2795,Nord,76,2.0,1966,9.0,0,197094
2796,Centre,74,1.0,1979,2.0,0,205507
2797,Centre,53,2.0,2001,7.0,1,209451
2798,Centre,77,4.0,2008,8.0,1,329744
2799,Nord,59,3.0,200,6.0,0,157711
2800,Nord,15,2.0,1954,8.0,1,20574
2801,Nord,82,4.0,1987,1.0,0,154787
2802,Nord,73,2.0,1985,4.0,1,120357
2803,Sud,59,3.0,1995,8.0,0,187980
2804,Centre,42,1.0,1966,6.0,0,138285
2805,Centre,78,4.0,1955,7.0,0,305016
2806,Centre,48,1.0,1966,,1,167595
2807,Sud,23,1.0,2002,8.0,1,100445
2808,Nord,61,2.0,2003,3.0,1,126975
2809,Nord,48,1.0,1989,10.0,1,120828
2810,Ouest,27,1.0,1998,4.0,1,50117
2811,Ouest,27,1.0,2000,1.0,0,59855
2812,Sud,58,2.0,1960,7.0,1,177992
2813,Nord,102,4.0,1951,8.0,1,229226
2814,Centre,82,3.0,2020,4.0,0,282693
2815,Nord,94,4.0,1968,5.0,0,212502
2816,Nord,83,3.0,2022,3.0,0,188368
2817,Sud,42,1.0,1981,10.0,1,155081
2818,Ouest,87,4.0,1971,10.0,1,272609
2819,Centre,89,3.0,1974,5.0,0,310826
2820,Centre,93,3.0,1977,8.0,0,357892
2821,Sud,101,5.0,1999,1.0,1,217473
2822,Nord,85,4.0,2018,1.0,0,166773
2823,Sud,50,1.0,1962,2.0,1,94131
2824,Ouest,113,3.0,1972,5.0,0,291456
2825,Ouest,21,1.0,1972,10.0,0,51860
2826,Sud,81,4.0,2018,7.0,1,237419
2827,Ouest,40,2.0,2010,6.0,0,500
2828,Sud,107,5.0,1960,2.0,1,230070
2829,Centre,93,2.0,1978,7.0,0,366318
2830,Nord,66,3.0,1995,,0,107398
2831,Centre,84,2.0,2008,3.0,1,259960
2832,Sud,76,4.0,1963,8.0,1,262574
2833,Ouest,116,3.0,2007,8.0,1,328661
2834,Nord,92,4.0,1993,7.0,0,229300
2835,Ouest,79,3.0,2016,7.0,0,204707
2836,Nord,50,3.0,1950,6.0,0,125188
2837,Ouest,78,2.0,2015,1.0,0,172262
2838,Nord,63,3.0,2008,5.0,0,121785
2839,Ouest,112,3.0,2002,9.0,1,372174
2840,Sud,93,3.0,1969,8.0,0,300749
2841,Sud,67,3.0,1955,6.0,0,209832
2842,Centre,81,4.0,1969,10.0,0,316366
2843,Sud,103,4.0,1979,2.0,0,234434
2844,Centre,88,3.0,2011,8.0,0,387495
2845,Centre,112,3.0,2016,6.0,0,403482
2846,Nord,54,1.0,2017,4.0,1,140727
2847,Nord,50,2.0,2008,2.0,0,71923
2848,Sud,78,2.0,2016,7.0,0,277928
2849,Ouest,69,1.0,1962,6.0,1,187957
2850,Nord,88,4.0,1999,2.0,0,137409
2851,Nord,46,1.0,1970,2.0,0,107466
2852,Ouest,65,1.0,1961,9.0,1,193381
2853,Sud,49,2.0,2008,9.0,1,182667
2854,Sud,90,3.0,1961,5.0,0,258178
2855,Centre,30,1.0,1991,5.0,0,102490
2856,Sud,71,3.0,1992,7.0,1,208142
2857,Sud,100,3.0,1971,1.0,1,218555
2858,Centre,90,3.0,1971,6.0,1,362234
2859,Nord,112,4.0,2020,5.0,0,247983
2860,Ouest,100,5.0,1978,5.0,1,260800
2861,Sud,63,2.0,1985,9.0,1,217601
2862,Centre,81,4.0,1988,2.0,0,239318
2863,Centre,70,1.0,1994,6.0,0,280960
2864,Sud,45,2.0,1962,,0,106176
2865,Centre,46,1.0,1974,9.0,0,185624
2866,Ouest,22,1.0,1950,,0,51091
2867,Nord,64,2.0,1981,3.0,0,127159
2868,Centre,64,2.0,1950,4.0,0,500
2869,Sud,70,3.0,1973,3.0,0,179570
2870,Ouest,50,1.0,1953,1.0,1,102592
2871,Ouest,71,2.0,1989,3.0,0,167345
2872,Centre,103,4.0,2008,8.0,0,390366
2873,Ouest,59,1.0,1994,2.0,1,112288
2874,Ouest,64,3.0,2021,2.0,1,139756
2875,Centre,61,3.0,1958,9.0,0,241759
2876,Nord,102,5.0,1964,4.0,0,223093
2877,Nord,76,3.0,1978,8.0,1,216813
2878,Centre,49,1.0,2004,8.0,0,187406
2879,Sud,104,5.0,2017,1.0,0,221536
2880,Centre,70,3.0,2011,4.0,1,208690
2881,Ouest,52,1.0,1985,1.0,1,86124
2882,Centre,121,3.0,1991,3.0,0,384527
2883,Ouest,85,2.0,2005,2.0,1,176283
2884,Ouest,63,3.0,2006,6.0,1,160502
2885,Centre,81,2.0,1965,7.0,0,314690
2886,Centre,39,1.0,1992,6.0,0,118069
2887,Sud,93,4.0,1983,4.0,1,266653
2888,Ouest,99,2.0,1965,3.0,1,234799
2889,Sud,52,2.0,2004,4.0,0,131653
2890,Sud,106,5.0,1978,5.0,1,270550
2891,Ouest,97,3.0,2008,9.0,0,274521
2892,Nord,50,3.0,1987,10.0,0,133518
2893,Nord,73,,2022,10.0,1,232857
2894,Sud,85,4.0,2013,3.0,1,205893
2895,Ouest,83,4.0,2016,,0,218645
2896,Ouest,40,1.0,1968,9.0,0,123872
2897,Sud,83,3.0,2013,5.0,1,232499
2898,Centre,77,4.0,2050,6.0,1,285454
2899,Sud,91,2.0,2007,6.0,0,254549
2900,Sud,82,4.0,2003,3.0,1,201986
2901,Centre,77,2.0,2023,8.0,0,337020
2902,Nord,66,2.0,2011,2.0,1,120656
2903,Sud,74,1.0,1958,4.0,0,187963
2904,Centre,43,1.0,1991,1.0,0,113829
2905,Nord,108,3.0,2000,8.0,0,275181
2906,Centre,55,2.0,1997,4.0,0,166609
2907,Ouest,60,1.0,1991,8.0,1,177716
2908,Ouest,88,2.0,1957,2.0,1,199843
2909,Sud,63,3.0,1979,10.0,0,238788
2910,Centre,69,1.0,2020,6.0,1,245164
2911,Centre,59,3.0,2017,9.0,0,222060
2912,Ouest,98,2.0,1974,6.0,0,241951
2913,Nord,118,4.0,2010,,0,272326
2914,Centre,83,4.0,1986,4.0,1,254183
2915,Nord,51,3.0,2017,1.0,0,98583
2916,Centre,68,,2022,2.0,0,225625
2917,Sud,33,1.0,1989,2.0,1,95534
2918,Nord,134,5.0,1985,2.0,1,256621
2919,Sud,90,2.0,2050,9.0,0,302137
2920,Sud,130,5.0,1960,5.0,0,343974
2921,Ouest,63,2.0,1958,7.0,0,164982
2922,Centre,67,1.0,1965,1.0,1,187762
2923,Sud,117,3.0,2999,3.0,1,286466
2924,Sud,64,3.0,2012,2.0,1,128609
2925,Nord,79,,2012,6.0,1,197373
2926,Centre,65,3.0,1984,6.0,1,240575
2927,Ouest,75,4.0,1951,4.0,0,181733
2928,Sud,64,2.0,1996,5.0,1,166924
2929,Ouest,58,2.0,1951,1.0,1,134543
2930,Centre,56,,1986,1.0,1,153533
2931,Ouest,45,1.0,1953,8.0,1,126217
2932,Centre,72,3.0,1955,,0,288305
2933,Centre,79,2.0,1995,5.0,0,293379
2934,Centre,74,3.0,1952,6.0,1,271853
2935,Ouest,60,3.0,1988,8.0,1,153499
2936,Sud,109,4.0,2010,6.0,0,321031
2937,Sud,60,2.0,1965,4.0,1,164389
2938,Ouest,105,,2009,6.0,1,268405
2939,Sud,70,1.0,1992,3.0,1,211741
2940,Sud,54,3.0,1963,1.0,1,120963
2941,Nord,51,3.0,1952,2.0,0,61018
2942,Centre,94,3.0,1977,1.0,1,280479
2943,Sud,45,1.0,1964,7.0,0,156189
2944,Centre,61,3.0,2022,1.0,0,163485
2945,Ouest,81,2.0,1995,7.0,1,239194
2946,Centre,53,2.0,1957,10.0,1,232373
2947,Nord,57,3.0,1954,10.0,1,184987
2948,Sud,129,6.0,2017,6.0,0,358730
2949,Sud,84,3.0,1981,6.0,1,245426
2950,Ouest,67,1.0,1992,10.0,1,223426
2951,Sud,106,3.0,2007,4.0,0,290368
2952,Ouest,75,3.0,2007,9.0,0,232284
2953,Centre,97,4.0,2014,6.0,0,334177
2954,Centre,103,5.0,1974,8.0,1,430909
2955,Ouest,89,4.0,1968,8.0,1,274364
2956,Sud,85,4.0,1956,8.0,0,268355
2957,Sud,79,2.0,1997,7.0,0,252416
2958,Nord,92,3.0,1957,2.0,0,155746
2959,Ouest,99,2.0,2006,10.0,1,314652
2960,Sud,43,2.0,1956,7.0,0,135235
2961,Sud,57,1.0,1989,7.0,1,171784
2962,Centre,119,5.0,2021,7.0,0,438146
2963,Nord,80,2.0,2017,1.0,1,120307
2964,Centre,62,3.0,1983,7.0,1,248955
2965,Ouest,84,4.0,2016,4.0,1,207641
2966,Nord,86,2.0,1987,,1,196427
2967,Centre,44,1.0,1985,9.0,0,202364
2968,Ouest,42,1.0,1956,10.0,1,156598
2969,Sud,58,2.0,1983,4.0,1,142767
2970,Centre,82,3.0,2016,5.0,0,290323
2971,Nord,63,3.0,1990,10.0,0,146819
2972,Centre,84,3.0,1989,4.0,0,276153
2973,Ouest,52,3.0,2014,10.0,0,140835
2974,Centre,60,2.0,2000,4.0,0,196204
2975,Nord,100,3.0,2015,4.0,1,186287
2976,Sud,94,2.0,2001,3.0,1,216204
2977,Ouest,97,3.0,1974,1.0,1,202462
2978,Sud,66,3.0,1956,10.0,1,243089
2979,Nord,103,4.0,2015,1.0,1,167271
2980,Nord,86,4.0,2001,4.0,0,162797
2981,Centre,105,4.0,1967,3.0,0,334580
2982,Sud,66,2.0,2050,8.0,1,197974
2983,Ouest,112,5.0,2011,4.0,0,257677
2984,Nord,72,3.0,2015,2.0,0,132185
2985,Nord,69,3.0,1991,5.0,1,134840
2986,Ouest,39,1.0,1961,8.0,0,125512
2987,Nord,88,3.0,1964,2.0,0,172366
2988,Centre,72,2.0,1986,7.0,1,277115
2989,Centre,89,,2017,3.0,0,276165
2990,Nord,52,2.0,2007,10.0,1,151061
2991,Ouest,72,3.0,1954,5.0,0,152033
2992,Sud,15,2.0,1982,8.0,0,51518
2993,Sud,76,3.0,1998,3.0,0,193195
2994,Ouest,98,2.0,200,4.0,1,226013
2995,Nord,85,2.0,1987,8.0,1,197964
2996,Ouest,87,2.0,1971,3.0,1,174335
2997,Centre,67,2.0,1979,8.0,0,261889
2998,Nord,98,2.0,1985,7.0,1,214097
2999,Sud,48,1.0,1985,7.0,1,114305
3000,Centre,47,1.0,1996,10.0,1,179673
3001,Sud,15,1.0,1997,7.0,0,43929
3002,Centre,51,1.0,1980,2.0,0,148979
3003,Centre,72,1.0,1966,3.0,0,217671
3004,Centre,45,2.0,1980,8.0,0,161123
3005,Ouest,100,3.0,2005,2.0,1,208327
3006,Sud,75,4.0,200,6.0,1,208879
3007,Sud,47,1.0,1961,2.0,0,115804
3008,Sud,60,1.0,1982,9.0,0,214956
3009,Centre,75,2.0,1986,3.0,1,229314
3010,Ouest,94,2.0,1987,2.0,1,198746
3011,Sud,78,4.0,1986,8.0,1,225415
3012,Sud,70,1.0,1985,2.0,0,169427
3013,Nord,54,3.0,1956,1.0,1,96766
3014,Nord,76,4.0,1963,3.0,1,136413
3015,Sud,107,5.0,1974,1.0,1,500
3016,Nord,71,3.0,1952,9.0,1,189036
3017,Sud,82,4.0,1962,4.0,0,213963
3018,Ouest,70,1.0,1977,1.0,0,123948
3019,Ouest,24,1.0,1961,8.0,0,58573
3020,Sud,64,1.0,1951,2.0,1,145985
3021,Sud,65,3.0,1953,5.0,0,183372
3022,Sud,90,4.0,1993,1.0,0,211377
3023,Ouest,63,1.0,2001,4.0,0,146581
3024,Sud,109,3.0,1961,8.0,0,374158
3025,Sud,71,3.0,1986,4.0,1,195777
3026,Sud,62,2.0,1994,4.0,0,146827
3027,Sud,40,1.0,1985,6.0,1,98538
3028,Centre,69,1.0,1971,6.0,0,240257
3029,Ouest,70,3.0,1966,3.0,0,142932
3030,Ouest,59,3.0,1960,,1,113123
3031,Nord,60,2.0,2003,8.0,1,164975
3032,Ouest,84,2.0,1968,3.0,0,162296
3033,Centre,99,2.0,1971,9.0,1,416129
3034,Ouest,25,2.0,1975,9.0,1,101205
3035,Sud,64,2.0,2005,8.0,1,198351
3036,Sud,67,3.0,2005,10.0,0,216534
3037,Centre,71,1.0,2020,8.0,1,314734
3038,Sud,86,3.0,1953,,0,254255
3039,Centre,84,3.0,1987,10.0,1,385988
3040,Sud,117,4.0,1964,7.0,0,360263
3041,Nord,71,3.0,1985,1.0,0,132815
3042,Centre,57,1.0,2006,4.0,1,203022
3043,Ouest,69,3.0,2023,10.0,1,196026
3044,Sud,86,2.0,1993,6.0,1,233529
3045,Nord,73,3.0,1982,2.0,1,142328
3046,Sud,59,3.0,2023,7.0,1,204562
3047,Sud,15,1.0,1956,2.0,0,59173
3048,Centre,83,4.0,1966,5.0,1,301861
3049,Nord,66,2.0,1952,8.0,1,157847
3050,Sud,55,2.0,1956,7.0,1,159850
3051,Sud,64,1.0,1971,9.0,0,227960
3052,Nord,50,2.0,1960,8.0,1,140606
3053,Nord,34,1.0,200,9.0,0,98480
3054,Ouest,36,1.0,2000,5.0,0,100872
3055,Sud,75,2.0,2000,7.0,1,217152
3056,Nord,52,1.0,1992,8.0,1,144748
3057,Centre,85,4.0,2013,9.0,1,367605
3058,Centre,71,,1986,8.0,0,306170
3059,Centre,76,4.0,2012,7.0,0,304944
3060,Sud,45,2.0,1965,1.0,0,96077
3061,Centre,15,1.0,1968,4.0,0,50113
3062,Sud,100,3.0,200,,1,262420
3063,Ouest,58,3.0,1980,7.0,0,133679
3064,Sud,74,1.0,2021,9.0,0,237657
3065,Ouest,79,3.0,1975,4.0,1,179634
3066,Ouest,125,5.0,1955,4.0,0,273555
3067,Nord,94,4.0,1952,6.0,1,223431
3068,Ouest,87,2.0,1954,1.0,1,163049
3069,Centre,62,2.0,1952,9.0,1,247893
3070,Sud,85,3.0,1967,2.0,1,193126
3071,Ouest,55,2.0,1961,5.0,0,137788
3072,Ouest,31,1.0,2015,7.0,0,97741
3073,Nord,86,3.0,1985,1.0,1,135143
3074,Sud,105,3.0,2000,10.0,0,389412
3075,Centre,61,2.0,2011,4.0,1,194726
3076,Ouest,103,5.0,1984,10.0,0,317817
3077,Ouest,36,1.0,2009,6.0,0,85552
3078,Centre,67,1.0,1958,4.0,0,230009
3079,Centre,112,4.0,1972,6.0,0,402818
3080,Ouest,88,3.0,1951,9.0,1,258284
3081,Sud,100,4.0,1980,9.0,0,337539
3082,Centre,103,4.0,1970,1.0,0,274412
3083,Sud,76,,1989,10.0,0,238536
3084,Ouest,48,2.0,1967,2.0,1,127106
3085,Centre,105,5.0,2008,4.0,0,352140
3086,Ouest,119,3.0,1985,6.0,0,315723
3087,Sud,41,2.0,2005,9.0,0,127579
3088,Sud,69,2.0,1954,7.0,1,229641
3089,Nord,58,2.0,1958,3.0,1,127620
3090,Nord,56,2.0,2000,1.0,1,115971
3091,Nord,99,4.0,1959,4.0,1,212956
3092,Sud,63,3.0,1994,3.0,0,168563
3093,Ouest,68,1.0,1976,6.0,0,181577
3094,Sud,93,,2010,4.0,0,269920
3095,Sud,91,4.0,1977,6.0,0,279913
3096,Centre,125,5.0,1977,1.0,0,339301
3097,Nord,52,1.0,2020,8.0,0,109413
3098,Centre,101,3.0,1971,4.0,1,384272
3099,Ouest,90,3.0,1953,9.0,1,273813
3100,Centre,75,2.0,1980,9.0,0,320035
3101,Centre,67,2.0,1956,7.0,1,261700
3102,Nord,49,2.0,1991,7.0,1,129961
3103,Ouest,15,1.0,1980,6.0,0,64853
3104,Sud,46,1.0,2022,1.0,1,94414
3105,Nord,76,2.0,2001,9.0,1,182924
3106,Sud,38,2.0,1961,7.0,1,106999
3107,Ouest,72,3.0,1964,9.0,1,195954
3108,Nord,105,3.0,1992,2.0,0,199641
3109,Centre,39,,1974,5.0,1,141490
3110,Nord,37,1.0,1997,6.0,1,500
3111,Nord,79,2.0,200,6.0,1,191265
3112,Ouest,86,4.0,1966,8.0,0,223147
3113,Nord,39,1.0,1983,2.0,1,53552
3114,Nord,46,2.0,1999,4.0,1,122281
3115,Ouest,59,1.0,1983,1.0,0,92159
3116,Ouest,56,2.0,1968,10.0,1,149849
3117,Centre,60,3.0,2014,10.0,0,240348
3118,Nord,72,2.0,1965,9.0,1,187052
3119,Centre,33,2.0,1995,5.0,1,137898
3120,Ouest,97,4.0,1969,6.0,0,269081
3121,Sud,44,1.0,1964,6.0,1,105027
3122,Sud,62,1.0,1972,3.0,1,144371
3123,Sud,105,4.0,1987,1.0,1,209593
3124,Centre,39,1.0,1950,1.0,1,121475
3125,Nord,90,3.0,1995,7.0,0,214516
3126,Centre,49,1.0,1989,10.0,0,241114
3127,Ouest,89,2.0,1998,,1,210475
3128,Centre,77,4.0,1981,4.0,1,251140
3129,Nord,96,4.0,1951,1.0,1,144435
3130,Ouest,74,2.0,1998,7.0,0,209194
3131,Sud,91,4.0,1970,5.0,1,238350
3132,Ouest,125,4.0,2050,8.0,1,354688
3133,Sud,77,4.0,2015,8.0,0,234148
3134,Ouest,39,1.0,2017,9.0,1,78853
3135,Sud,45,1.0,2017,5.0,0,130489
3136,Nord,81,3.0,1960,,0,201678
3137,Centre,42,1.0,1960,7.0,1,165406
3138,Nord,60,2.0,1991,5.0,0,134397
3139,Centre,54,1.0,1953,4.0,0,182653
3140,Sud,86,3.0,1956,10.0,1,314438
3141,Sud,80,4.0,2014,6.0,1,233712
3142,Ouest,75,3.0,1979,9.0,0,208644
3143,Sud,59,1.0,1998,3.0,1,150564
3144,Centre,54,3.0,2015,2.0,1,166748
3145,Nord,59,1.0,2011,4.0,1,108868
3146,Centre,74,1.0,2000,8.0,1,325737
3147,Sud,85,4.0,2020,9.0,1,307549
3148,Centre,95,3.0,1962,,0,403030
3149,Ouest,71,1.0,2017,9.0,1,199110
3150,Nord,29,1.0,1990,1.0,0,46408
3151,Nord,48,2.0,1993,2.0,1,87734
3152,Sud,82,2.0,1990,1.0,0,191580
3153,Ouest,91,2.0,1991,3.0,1,177235
3154,Nord,69,1.0,1984,7.0,1,178323
3155,Nord,96,,1970,1.0,0,184766
3156,Sud,86,3.0,1961,1.0,0,202876
3157,Ouest,85,3.0,1968,3.0,1,229702
3158,Centre,67,3.0,2009,10.0,1,294237
3159,Sud,104,4.0,2022,4.0,1,285952
3160,Ouest,96,2.0,1980,7.0,1,271908
3161,Nord,70,1.0,1995,2.0,0,162719
3162,Nord,124,3.0,1985,,1,319840
3163,Ouest,90,4.0,1981,5.0,0,212427
3164,Ouest,40,2.0,1991,2.0,1,65577
3165,Centre,100,5.0,1995,10.0,1,439060
3166,Nord,76,3.0,1952,,0,136796
3167,Nord,91,4.0,1979,7.0,1,220947
3168,Centre,80,2.0,1963,8.0,1,332010
3169,Centre,45,1.0,2003,1.0,1,120892
3170,Sud,78,4.0,1980,6.0,0,224950
3171,Sud,53,2.0,1965,5.0,1,173090
3172,Ouest,92,4.0,1989,1.0,0,179635
3173,Centre,50,1.0,1988,5.0,1,175194
3174,Centre,69,2.0,2017,9.0,0,289442
3175,Nord,72,1.0,2014,6.0,1,157857
3176,Nord,78,3.0,1964,1.0,0,126211
3177,Centre,62,1.0,2010,2.0,0,193642
3178,Nord,40,2.0,1991,4.0,1,105076
3179,Sud,74,1.0,1981,5.0,0,214993
3180,Nord,84,2.0,1991,10.0,0,213332
3181,Nord,136,6.0,1950,2.0,1,256493
3182,Ouest,81,3.0,2007,7.0,1,234605
3183,Ouest,27,1.0,1976,1.0,1,46997
3184,Ouest,78,,1956,5.0,1,180052
3185,Nord,54,3.0,1978,8.0,1,171882
3186,Nord,66,3.0,2009,8.0,1,184381
3187,Nord,74,2.0,1952,8.0,1,200894
3188,Sud,61,2.0,1953,2.0,0,147912
3189,Centre,78,4.0,1953,3.0,0,251948
3190,Ouest,53,1.0,1974,10.0,1,160318
3191,Centre,62,1.0,1975,2.0,1,176606
3192,Sud,69,1.0,2002,3.0,1,149818
3193,Nord,100,4.0,1956,,1,280336
3194,Sud,45,1.0,1992,1.0,1,93983
3195,Centre,115,5.0,1964,4.0,1,387054
3196,Ouest,101,4.0,1979,9.0,0,305033
3197,Ouest,78,2.0,1990,5.0,0,186514
3198,Nord,92,3.0,1989,10.0,0,247211
3199,Ouest,61,1.0,1984,9.0,0,154406
3200,Ouest,68,3.0,2050,8.0,0,167876
3201,Centre,93,2.0,2009,3.0,0,282551
3202,Ouest,19,1.0,1958,5.0,1,40307
3203,Centre,57,3.0,1956,9.0,1,212990
3204,Sud,80,3.0,2006,7.0,1,244463
3205,Sud,101,3.0,1970,5.0,0,257658
3206,Sud,15,1.0,1984,4.0,0,53584
3207,Nord,114,,2017,1.0,1,187799
3208,Nord,114,5.0,1986,2.0,1,232319
3209,Ouest,102,5.0,1976,5.0,1,241478
3210,Ouest,56,3.0,1980,7.0,0,151253
3211,Nord,44,2.0,1956,2.0,1,61130
3212,Centre,66,1.0,1973,4.0,1,238666
3213,Centre,72,,1995,4.0,1,234166
3214,Ouest,90,4.0,1955,2.0,1,194435
3215,Sud,110,4.0,1952,5.0,1,320342
3216,Centre,132,6.0,1993,1.0,0,387487
3217,Centre,80,2.0,1967,7.0,1,321503
3218,Sud,115,4.0,1961,4.0,0,298282
3219,Sud,73,3.0,1950,1.0,0,159209
3220,Centre,65,3.0,2016,1.0,0,500
3221,Nord,68,3.0,1978,5.0,0,127490
3222,Nord,72,2.0,1958,1.0,1,137864
3223,Ouest,99,2.0,1999,7.0,1,288133
3224,Ouest,104,4.0,2008,10.0,1,346456
3225,Nord,30,2.0,1988,1.0,0,44820
3226,Centre,113,5.0,1981,7.0,1,426494
3227,Nord,90,3.0,2011,10.0,0,258326
3228,Ouest,88,2.0,1988,7.0,0,245844
3229,Centre,104,4.0,1950,1.0,1,295745
3230,Sud,52,2.0,2022,4.0,1,163688
3231,Ouest,72,3.0,2010,1.0,0,147657
3232,Sud,86,4.0,2015,10.0,0,310104
3233,Sud,36,1.0,2023,1.0,0,86687
3234,Sud,69,2.0,1976,7.0,0,211897
3235,Ouest,61,,1952,3.0,0,142991
3236,Nord,62,1.0,1962,1.0,1,97639
3237,Centre,68,3.0,1959,3.0,0,216359
3238,Ouest,79,4.0,1979,3.0,1,167930
3239,Centre,67,2.0,1984,1.0,0,198780
3240,Nord,64,1.0,2018,9.0,1,191890
3241,Centre,24,,1999,2.0,0,53085
3242,Sud,54,3.0,1960,9.0,1,206144
3243,Nord,123,5.0,2006,5.0,0,259544
3244,Sud,42,1.0,2003,3.0,0,112215
3245,Sud,67,1.0,1959,10.0,0,205248
3246,Centre,17,2.0,1975,8.0,1,64180
3247,Nord,38,1.0,1959,9.0,0,96511
3248,Nord,77,2.0,1973,10.0,0,226420
3249,Nord,111,3.0,1978,7.0,1,266208
3250,Sud,91,2.0,1974,6.0,1,254539
3251,Sud,53,1.0,1950,2.0,0,133660
3252,Nord,76,4.0,1995,1.0,0,141052
3253,Centre,56,1.0,2011,6.0,0,225197
3254,Centre,82,4.0,1962,8.0,0,335192
3255,Nord,72,1.0,2022,3.0,1,117449
3256,Nord,111,4.0,1979,4.0,1,230801
3257,Sud,99,3.0,1954,3.0,1,233881
3258,Sud,87,2.0,1997,5.0,0,234369
3259,Sud,103,5.0,2012,1.0,1,226644
3260,Centre,71,1.0,200,5.0,1,284846
3261,Ouest,35,1.0,2009,10.0,0,85199
3262,Centre,88,4.0,1995,5.0,1,286242
3263,Centre,73,1.0,2003,7.0,1,284272
3264,Ouest,45,1.0,1960,4.0,0,95254
3265,Ouest,38,1.0,1972,8.0,1,105744
3266,Centre,77,,1997,3.0,0,237171
3267,Centre,44,1.0,2021,5.0,0,159545
3268,Ouest,71,3.0,2002,6.0,0,174118
3269,Sud,92,2.0,1981,2.0,0,248023
3270,Centre,94,,1971,10.0,0,419352
3271,Ouest,87,3.0,1982,9.0,0,255482
3272,Centre,48,2.0,2009,3.0,0,165849
3273,Ouest,41,2.0,1964,4.0,0,100432
3274,Sud,100,3.0,2002,5.0,1,259925
3275,Ouest,95,4.0,1958,7.0,0,269624
3276,Centre,99,3.0,2020,6.0,1,371545
3277,Sud,63,1.0,1978,10.0,1,226494
3278,Centre,48,1.0,1958,9.0,1,214421
3279,Nord,96,3.0,1975,7.0,0,231478
3280,Centre,65,1.0,1971,5.0,1,229096
3281,Nord,76,4.0,1953,,0,175804
3282,Nord,77,2.0,1990,5.0,1,174018
3283,Centre,84,3.0,1954,4.0,1,290566
3284,Nord,129,6.0,1960,3.0,0,251183
3285,Nord,74,1.0,1983,5.0,0,170256
3286,Nord,96,3.0,1999,3.0,0,200524
3287,Nord,88,3.0,1954,5.0,0,215989
3288,Centre,79,3.0,1986,3.0,1,224340
3289,Ouest,48,1.0,1989,3.0,0,132213
3290,Sud,69,3.0,2020,7.0,0,245390
3291,Sud,51,2.0,1950,6.0,1,178389
3292,Centre,52,1.0,1952,2.0,1,149461
3293,Ouest,72,3.0,2015,1.0,0,146539
3294,Sud,36,2.0,1998,4.0,1,82602
3295,Centre,49,2.0,1999,10.0,1,185504
3296,Centre,65,1.0,2013,9.0,0,283218
3297,Ouest,18,1.0,2013,7.0,1,62651
3298,Sud,71,2.0,1971,7.0,1,196201
3299,Centre,51,,2012,6.0,0,181121
3300,Ouest,79,2.0,1951,10.0,0,259210
3301,Ouest,28,2.0,2004,5.0,1,55268
3302,Ouest,85,2.0,1981,2.0,1,179848
3303,Sud,25,2.0,2001,,0,70841
3304,Sud,79,4.0,2022,10.0,1,279279
3305,Ouest,52,2.0,1998,3.0,1,144880
3306,Sud,84,2.0,1957,4.0,0,207921
3307,Sud,76,2.0,2016,5.0,0,260033
3308,Centre,66,1.0,1978,3.0,1,222223
3309,Sud,113,3.0,2004,9.0,0,344647
3310,Nord,76,4.0,1990,10.0,0,202535
3311,Nord,39,1.0,1996,5.0,1,87902
3312,Centre,140,6.0,1960,6.0,0,525910
3313,Ouest,105,3.0,1998,8.0,0,284447
3314,Nord,77,4.0,1965,2.0,1,135246
3315,Nord,44,1.0,2015,8.0,0,110840
3316,Nord,84,2.0,1982,7.0,1,204186
3317,Sud,26,1.0,1955,4.0,1,54423
3318,Ouest,89,3.0,2017,5.0,1,200220
3319,Nord,64,3.0,1976,2.0,1,135306
3320,Ouest,27,1.0,1983,10.0,0,95253
3321,Centre,122,3.0,2020,8.0,0,498675
3322,Centre,74,3.0,2008,8.0,1,296808
3323,Ouest,93,2.0,1955,6.0,1,209163
3324,Sud,77,3.0,1986,3.0,0,170582
3325,Sud,54,1.0,1983,,0,139416
3326,Centre,49,2.0,1996,3.0,1,166317
3327,Ouest,86,2.0,2006,9.0,0,256360
3328,Sud,85,4.0,1955,6.0,1,239646
3329,Ouest,81,4.0,1953,2.0,0,169612
3330,Ouest,89,2.0,1988,7.0,0,500
3331,Centre,65,3.0,2000,6.0,1,257890
3332,Nord,60,3.0,1980,4.0,0,111247
3333,Nord,96,3.0,1997,3.0,0,191493
3334,Sud,114,3.0,1987,5.0,0,319136
3335,Ouest,38,1.0,1951,8.0,0,118051
3336,Sud,51,3.0,1973,5.0,0,129786
3337,Ouest,29,1.0,1996,7.0,0,83562
3338,Ouest,71,2.0,1953,3.0,1,147754
3339,Centre,61,3.0,2001,5.0,1,176343
3340,Centre,37,1.0,1986,2.0,1,113146
3341,Ouest,75,2.0,1998,6.0,1,212562
3342,Nord,55,2.0,1978,5.0,1,138806
3343,Ouest,78,2.0,1984,9.0,0,202116
3344,Sud,57,3.0,1956,2.0,0,149317
3345,Centre,96,4.0,2016,2.0,1,290925
3346,Centre,74,2.0,1990,3.0,1,209654
3347,Nord,93,,1966,3.0,1,198008
3348,Centre,61,3.0,2005,4.0,1,195683
3349,Nord,57,1.0,1954,10.0,1,149182
3350,Nord,15,2.0,2001,3.0,1,29313
3351,Centre,91,2.0,1963,8.0,0,361452
3352,Centre,66,1.0,2023,5.0,1,244534
3353,Nord,37,2.0,1960,8.0,0,91252
3354,Ouest,90,3.0,1959,1.0,0,183200
3355,Nord,29,1.0,1965,3.0,1,61371
3356,Sud,85,4.0,2050,3.0,1,500
3357,Ouest,63,3.0,1952,2.0,0,126496
3358,Centre,65,2.0,1988,8.0,1,232734
3359,Nord,145,5.0,2008,4.0,0,292461
3360,Ouest,24,1.0,1983,2.0,1,29566
3361,Centre,90,4.0,2000,9.0,1,422957
3362,Centre,88,3.0,1991,2.0,1,235476
3363,Ouest,41,1.0,2006,1.0,0,73162
3364,Centre,51,2.0,2003,3.0,0,138271
3365,Nord,49,2.0,1987,4.0,1,103591
3366,Nord,84,4.0,1989,2.0,0,155455
3367,Centre,38,,1973,10.0,1,165747
3368,Ouest,87,2.0,1954,8.0,1,253083
3369,Sud,69,3.0,2008,,0,163370
3370,Sud,58,2.0,2018,8.0,1,195954
3371,Sud,93,2.0,2005,,0,209184
3372,Ouest,49,1.0,1974,8.0,0,137214
3373,Sud,100,,1989,10.0,0,334193
3374,Ouest,72,1.0,1957,2.0,0,136530
3375,Centre,59,2.0,2014,6.0,0,228464
3376,Ouest,83,4.0,1993,4.0,0,201371
3377,Ouest,92,2.0,1985,4.0,1,210087
3378,Centre,68,2.0,1951,1.0,0,216992
3379,Ouest,49,1.0,1953,9.0,1,169029
3380,Ouest,79,4.0,2009,7.0,1,214589
3381,Nord,68,3.0,1997,5.0,0,154592
3382,Centre,73,2.0,1961,3.0,1,219737
3383,Centre,54,1.0,1992,6.0,0,193478
3384,Ouest,86,4.0,2002,3.0,1,195372
3385,Centre,76,3.0,1994,4.0,0,285868
3386,Sud,62,1.0,1993,3.0,0,167131
3387,Centre,68,1.0,1985,8.0,0,272750
3388,Ouest,109,3.0,2006,7.0,1,285986
3389,Sud,48,2.0,1984,1.0,1,125140
3390,Sud,39,2.0,1961,5.0,1,103997
3391,Centre,72,2.0,1985,9.0,0,309984
3392,Centre,76,3.0,1997,3.0,1,238960
3393,Sud,127,6.0,200,5.0,0,339308
3394,Sud,89,3.0,1962,,1,259821
3395,Nord,15,1.0,1953,7.0,0,42123
3396,Ouest,90,2.0,1960,10.0,0,293060
3397,Ouest,108,4.0,1950,4.0,1,255813
3398,Sud,76,2.0,1952,3.0,1,192876
3399,Nord,116,5.0,2016,10.0,0,326190
3400,Ouest,43,1.0,1974,5.0,0,90903
3401,Sud,62,2.0,1995,7.0,1,201370
3402,Centre,70,2.0,1956,6.0,0,277170
3403,Nord,73,2.0,1976,7.0,0,187207
3404,Nord,68,2.0,1961,7.0,0,161697
3405,Nord,62,1.0,1981,10.0,0,185730
3406,Nord,89,3.0,2010,5.0,1,180493
3407,Centre,39,1.0,2002,7.0,1,147643
3408,Ouest,54,2.0,1989,4.0,1,99596
3409,Centre,61,2.0,1964,7.0,0,219239
3410,Sud,66,1.0,1951,9.0,0,228386
3411,Sud,70,3.0,1984,10.0,0,283184
3412,Ouest,88,2.0,2009,3.0,0,182206
3413,Centre,113,4.0,2011,10.0,0,518583
3414,Nord,32,2.0,1952,8.0,0,87995
3415,Centre,98,4.0,1992,8.0,0,399757
3416,Ouest,22,1.0,1972,7.0,0,72729
3417,Centre,37,1.0,1970,10.0,0,150267
3418,Nord,62,2.0,1978,7.0,1,500
3419,Sud,75,2.0,2050,10.0,0,255974
3420,Ouest,69,2.0,1962,9.0,0,200330
3421,Nord,94,2.0,2008,7.0,1,239348
3422,Centre,65,3.0,1987,1.0,1,210443
3423,Centre,105,4.0,2004,1.0,1,312327
3424,Centre,17,1.0,1972,1.0,0,24080
3425,Sud,79,2.0,1985,8.0,0,250157
3426,Nord,67,3.0,1975,4.0,1,129232
3427,Centre,37,1.0,1960,5.0,0,117518
3428,Centre,66,1.0,2020,2.0,0,208739
3429,Ouest,80,4.0,1950,,1,159597
3430,Centre,52,1.0,1979,5.0,1,172525
3431,Centre,45,1.0,2000,5.0,1,182050
3432,Nord,52,2.0,1952,6.0,1,110353
3433,Nord,51,1.0,1978,4.0,0,99092
3434,Sud,60,1.0,1969,5.0,1,170514
3435,Nord,81,2.0,1991,10.0,0,220248
3436,Nord,56,2.0,1990,4.0,1,105947
3437,Centre,15,2.0,2999,4.0,1,28426
3438,Centre,105,3.0,2020,8.0,0,446871
3439,Nord,27,1.0,2000,3.0,0,60323
3440,Nord,50,2.0,2017,2.0,0,74322
3441,Ouest,25,1.0,2050,5.0,0,62934
3442,Sud,56,3.0,1960,2.0,1,138290
3443,Nord,32,2.0,1960,,0,80547
3444,Ouest,53,1.0,1975,1.0,0,98423
3445,Nord,103,3.0,1990,8.0,0,264880
3446,Ouest,124,3.0,1963,4.0,0,332919
3447,Centre,81,4.0,2008,4.0,0,261871
3448,Nord,48,2.0,2018,1.0,1,82269
3449,Sud,80,4.0,1965,3.0,1,216504
3450,Centre,62,3.0,1991,10.0,1,262268
3451,Sud,42,2.0,1979,6.0,0,106346
3452,Nord,85,4.0,2018,10.0,0,225617
3453,Sud,15,2.0,2008,4.0,0,26949
3454,Ouest,31,2.0,1991,3.0,1,60221
3455,Ouest,118,3.0,2015,7.0,1,305833
3456,Nord,59,1.0,1960,8.0,1,148492
3457,Centre,73,3.0,1963,,0,295945
3458,Centre,105,4.0,1963,5.0,0,337464
3459,Centre,71,1.0,1981,10.0,1,314727
3460,Nord,113,4.0,2005,2.0,0,197835
3461,Centre,15,2.0,1953,,0,66790
3462,Nord,67,1.0,1978,3.0,1,129562
3463,Ouest,105,4.0,1954,8.0,0,322435
3464,Nord,84,3.0,1997,8.0,1,234640
3465,Nord,83,3.0,1956,10.0,1,205829
3466,Sud,85,4.0,2017,,1,175958
3467,Nord,33,2.0,1976,6.0,0,82581
3468,Sud,85,3.0,1966,6.0,1,268140
3469,Centre,65,3.0,2021,10.0,0,267968
3470,Centre,68,1.0,1963,3.0,1,219401
3471,Centre,100,4.0,1974,9.0,1,409275
3472,Ouest,67,2.0,1950,6.0,0,188877
3473,Ouest,82,3.0,1963,10.0,0,248421
3474,Sud,79,4.0,1997,,1,301565
3475,Nord,90,3.0,1989,5.0,0,182019
3476,Nord,112,3.0,1981,9.0,0,288952
3477,Ouest,77,3.0,2022,6.0,1,500
3478,Ouest,84,2.0,2022,7.0,0,220936
3479,Sud,68,1.0,1985,3.0,1,196647
3480,Centre,67,2.0,1972,4.0,0,200271
3481,Nord,88,2.0,2008,1.0,1,144257
3482,Nord,59,3.0,1998,2.0,0,86691
3483,Ouest,62,,1954,7.0,1,191676
3484,Nord,36,2.0,1993,6.0,1,97433
3485,Nord,60,2.0,1986,8.0,1,162966
3486,Ouest,66,3.0,2001,7.0,0,177797
3487,Centre,52,3.0,1961,3.0,0,163898
3488,Ouest,25,1.0,1996,9.0,0,64194
3489,Centre,96,3.0,2012,2.0,1,286344
3490,Sud,30,2.0,1976,10.0,0,102451
3491,Ouest,69,3.0,1978,3.0,0,144861
3492,Centre,69,1.0,1979,,1,260857
3493,Ouest,95,3.0,2012,9.0,0,278862
3494,Nord,97,3.0,1958,7.0,1,265065
3495,Sud,103,3.0,1986,6.0,1,294275
3496,Ouest,76,3.0,2007,7.0,1,212799
3497,Sud,69,1.0,2020,8.0,0,224166
3498,Nord,55,3.0,1990,8.0,1,134282
3499,Nord,84,3.0,1971,4.0,0,174894
3500,Ouest,63,,1980,1.0,1,147081
3501,Sud,69,3.0,2011,5.0,1,186656
3502,Nord,73,2.0,1961,2.0,0,116833
3503,Sud,71,1.0,1959,7.0,0,221082
3504,Centre,87,4.0,2019,3.0,0,292998
3505,Centre,78,4.0,1952,9.0,1,323395
3506,Nord,64,1.0,2004,3.0,0,130280
3507,Nord,89,3.0,2011,5.0,0,201212
3508,Centre,67,2.0,1950,4.0,1,218832
3509,Nord,26,1.0,1988,6.0,1,55869
3510,Centre,75,2.0,1965,9.0,1,337406
3511,Sud,74,2.0,2019,4.0,1,211209
3512,Nord,38,1.0,2021,5.0,1,100586
3513,Centre,87,3.0,1989,10.0,0,364666
3514,Centre,139,5.0,1973,3.0,1,452577
3515,Centre,59,2.0,1993,10.0,0,247322
3516,Nord,63,2.0,1987,1.0,0,102722
3517,Sud,65,3.0,1993,4.0,1,170061
3518,Ouest,75,,2019,10.0,1,246418
3519,Nord,15,1.0,1997,9.0,0,23252
3520,Sud,75,2.0,1975,6.0,1,213682
3521,Ouest,71,,2005,4.0,1,162562
3522,Centre,67,2.0,1975,10.0,1,311262
3523,Centre,76,4.0,1993,,1,353449
3524,Sud,54,1.0,1982,10.0,0,174547
3525,Ouest,105,,2008,4.0,1,255652
3526,Sud,18,1.0,1971,4.0,1,63751
3527,Nord,17,1.0,2018,5.0,0,37858
3528,Ouest,138,5.0,2018,2.0,0,286455
3529,Ouest,72,1.0,2014,2.0,1,154248
3530,Centre,42,1.0,1962,5.0,0,149362
3531,Centre,80,3.0,2011,4.0,0,268921
3532,Ouest,28,1.0,2011,6.0,0,68582
3533,Ouest,88,2.0,1996,8.0,0,245834
3534,Ouest,86,3.0,2000,10.0,0,255673
3535,Nord,70,1.0,1962,3.0,1,134240
3536,Sud,70,3.0,1984,3.0,1,174418
3537,Sud,74,1.0,1969,7.0,1,232976
3538,Ouest,59,,1998,6.0,1,156189
3539,Centre,16,1.0,2050,4.0,0,47945
3540,Centre,69,3.0,1987,5.0,0,221527
3541,Nord,117,5.0,2008,,1,229197
3542,Ouest,44,2.0,1960,3.0,0,106001
3543,Nord,87,4.0,1995,9.0,1,230326
3544,Sud,113,3.0,1990,5.0,0,304033
3545,Nord,112,5.0,2008,3.0,0,202025
3546,Ouest,67,3.0,1994,6.0,0,198285
3547,Centre,25,2.0,1955,10.0,0,108508
3548,Nord,69,1.0,1954,5.0,0,173414
3549,Ouest,97,3.0,1997,6.0,1,275766
3550,Centre,67,1.0,1987,9.0,0,251024
3551,Centre,84,2.0,1999,8.0,0,323775
3552,Ouest,127,5.0,1956,2.0,0,270063
3553,Nord,90,2.0,1974,4.0,0,201436
3554,Centre,42,1.0,1995,7.0,0,167705
3555,Nord,79,2.0,1996,1.0,0,132207
3556,Ouest,35,1.0,1971,6.0,0,107645
3557,Ouest,87,2.0,1961,,0,180960
3558,Ouest,53,1.0,2021,10.0,1,153575
3559,Centre,61,3.0,1978,3.0,1,184463
3560,Nord,81,4.0,1972,9.0,0,217259
3561,Sud,59,3.0,1970,,0,144942
3562,Nord,15,1.0,2012,1.0,0,15472
3563,Sud,43,2.0,2011,6.0,1,136306
3564,Sud,41,1.0,1996,7.0,1,119937
3565,Centre,92,4.0,1977,6.0,1,351637
3566,Ouest,83,2.0,2017,4.0,0,206982
3567,Centre,32,1.0,1978,4.0,0,96587
3568,Nord,82,2.0,2001,10.0,1,247780
3569,Nord,58,2.0,1990,,0,161431
3570,Centre,37,1.0,1953,3.0,1,123547
3571,Ouest,108,3.0,1991,,0,322127
3572,Nord,47,2.0,1956,,1,92745
3573,Nord,66,2.0,1997,4.0,0,141112
3574,Sud,81,2.0,1967,9.0,0,264215
3575,Centre,24,1.0,2015,2.0,0,80726
3576,Ouest,59,1.0,1979,4.0,1,152239
3577,Ouest,92,4.0,1973,5.0,0,237233
3578,Ouest,37,2.0,2001,1.0,1,86984
3579,Centre,53,1.0,1997,7.0,0,225090
3580,Ouest,67,2.0,1987,6.0,0,187868
3581,Ouest,77,2.0,2008,3.0,1,170053
3582,Ouest,98,2.0,1954,2.0,1,225691
3583,Ouest,67,1.0,1994,2.0,1,122307
3584,Centre,63,3.0,1971,4.0,0,230443
3585,Nord,78,3.0,1982,1.0,0,132738
3586,Sud,53,3.0,2015,2.0,1,110060
3587,Sud,67,2.0,1993,1.0,0,151144
3588,Nord,71,3.0,1968,7.0,0,173101
3589,Sud,77,3.0,1990,7.0,0,235310
3590,Centre,63,3.0,1963,10.0,1,247474
3591,Ouest,39,2.0,1965,1.0,1,71133
3592,Centre,79,4.0,2001,7.0,0,301897
3593,Ouest,59,3.0,2010,,1,115432
3594,Nord,90,4.0,1994,10.0,0,264730
3595,Ouest,52,2.0,1983,10.0,0,157908
3596,Sud,105,3.0,1960,7.0,1,320969
3597,Sud,72,1.0,2022,2.0,0,168673
3598,Ouest,94,2.0,2010,3.0,0,206162
3599,Sud,90,4.0,2016,8.0,0,311140
3600,Centre,55,3.0,2012,2.0,1,191965
3601,Sud,87,4.0,2023,1.0,0,188385
3602,Centre,59,3.0,1982,3.0,1,217382
3603,Sud,95,2.0,2014,2.0,0,231269
3604,Ouest,73,2.0,1987,10.0,0,242215
3605,Nord,79,4.0,200,6.0,0,200677
3606,Nord,63,2.0,2001,,0,131244
3607,Ouest,106,3.0,1982,9.0,0,303691
3608,Nord,84,4.0,1984,5.0,0,181546
3609,Sud,84,2.0,2022,6.0,0,238784
3610,Sud,96,4.0,2020,7.0,1,313300
3611,Nord,77,2.0,2019,,0,227072
3612,Sud,49,1.0,1973,1.0,1,500
3613,Nord,67,3.0,1953,5.0,1,149461
3614,Nord,62,1.0,1954,9.0,0,164672
3615,Nord,69,2.0,1981,5.0,0,134719
3616,Centre,82,4.0,1971,4.0,0,264909
3617,Nord,84,3.0,1953,3.0,1,156310
3618,Ouest,53,2.0,1988,10.0,1,188260
3619,Ouest,64,2.0,2014,5.0,1,172362
3620,Sud,47,2.0,2018,8.0,1,156552
3621,Centre,28,1.0,1987,1.0,1,83561
3622,Centre,41,1.0,1950,10.0,0,151029
3623,Centre,70,1.0,1967,3.0,1,220239
3624,Sud,81,2.0,1997,3.0,0,214477
3625,Sud,30,1.0,1964,1.0,0,74402
3626,Centre,42,1.0,2999,3.0,0,154185
3627,Ouest,75,4.0,1965,10.0,1,248690
3628,Centre,77,3.0,2021,3.0,1,258017
3629,Nord,72,3.0,1962,6.0,0,169357
3630,Centre,66,3.0,1959,4.0,1,209569
3631,Nord,70,3.0,1959,1.0,1,136130
3632,Sud,55,1.0,1959,8.0,1,198137
3633,Ouest,60,,1967,6.0,1,148780
3634,Centre,38,1.0,2023,1.0,0,110765
3635,Centre,71,3.0,2007,4.0,1,225870
3636,Centre,79,4.0,1978,3.0,1,248109
3637,Centre,15,2.0,2021,1.0,1,56941
3638,Ouest,117,3.0,1976,9.0,0,336807
3639,Sud,110,5.0,1973,6.0,0,309321
3640,Nord,75,2.0,1960,7.0,1,199182
3641,Nord,90,2.0,1982,1.0,1,128119
3642,Sud,65,1.0,1979,4.0,0,166846
3643,Sud,82,3.0,2011,5.0,1,234922
3644,Nord,55,3.0,1979,9.0,1,138010
3645,Sud,66,3.0,2012,2.0,0,146669
3646,Centre,68,2.0,1973,6.0,0,245761
3647,Ouest,110,5.0,1971,7.0,1,308745
3648,Centre,79,4.0,1960,9.0,1,340192
3649,Nord,93,3.0,1955,7.0,1,223612
3650,Nord,90,4.0,1969,4.0,1,159067
3651,Nord,73,2.0,1975,10.0,1,196609
3652,Centre,98,2.0,1956,9.0,1,431829
3653,Nord,72,2.0,1999,4.0,1,145339
3654,Sud,64,1.0,2000,,1,159606
3655,Centre,53,3.0,2002,2.0,1,139394
3656,Sud,82,3.0,1976,5.0,0,269189
3657,Ouest,49,1.0,2010,5.0,1,117498
3658,Ouest,20,1.0,1971,2.0,0,23917
3659,Ouest,51,1.0,2021,10.0,0,174240
3660,Ouest,15,1.0,1978,9.0,0,26358
3661,Ouest,91,3.0,2000,9.0,0,254517
3662,Ouest,97,4.0,1990,5.0,0,224443
3663,Centre,79,2.0,1962,10.0,0,373944
3664,Nord,66,3.0,1977,9.0,1,195866
3665,Ouest,104,5.0,2009,3.0,1,264119
3666,Ouest,77,4.0,2018,8.0,0,213454
3667,Sud,93,4.0,1987,10.0,0,317502
3668,Centre,72,3.0,1997,3.0,0,262529
3669,Sud,38,1.0,1962,6.0,0,107590
3670,Sud,54,3.0,1966,3.0,0,119142
3671,Sud,77,4.0,2010,1.0,0,185116
3672,Centre,48,1.0,1955,4.0,0,156140
3673,Centre,58,3.0,1992,8.0,0,229596
3674,Sud,63,2.0,1994,3.0,1,151649
3675,Ouest,98,4.0,1967,6.0,0,278628
3676,Nord,105,5.0,1954,9.0,1,259431
3677,Ouest,15,1.0,2017,4.0,1,41995
3678,Sud,36,1.0,1951,7.0,1,132343
3679,Nord,59,1.0,2019,,1,132883
3680,Nord,49,2.0,1971,7.0,0,77150
3681,Nord,46,1.0,1989,4.0,1,103007
3682,Ouest,101,4.0,2004,2.0,1,238173
3683,Centre,40,1.0,1952,6.0,0,133259
3684,Sud,38,1.0,2004,7.0,1,101841
3685,Centre,98,3.0,2020,2.0,1,301008
3686,Centre,66,3.0,1969,5.0,1,233126
3687,Sud,61,1.0,2014,10.0,0,193876
3688,Nord,81,4.0,1961,6.0,0,158967
3689,Centre,96,3.0,2018,3.0,1,273031
3690,Nord,85,4.0,1981,10.0,1,221636
3691,Ouest,83,4.0,1973,10.0,1,258683
3692,Nord,132,6.0,2022,6.0,1,322783
3693,Nord,84,4.0,1959,7.0,0,196141
3694,Sud,64,2.0,2008,7.0,1,204760
3695,Ouest,62,3.0,1978,8.0,1,170414
3696,Centre,78,2.0,1989,8.0,0,324754
3697,Ouest,111,3.0,1981,,0,279688
3698,Nord,73,1.0,1977,1.0,1,126726
3699,Centre,101,4.0,1973,5.0,0,372555
3700,Sud,71,2.0,2014,2.0,0,149675
3701,Nord,87,3.0,1954,3.0,0,168989
3702,Sud,110,5.0,1979,9.0,1,391081
3703,Centre,39,2.0,1955,1.0,1,103219
3704,Ouest,128,5.0,1995,10.0,0,372234
3705,Nord,74,3.0,1968,8.0,0,188170
3706,Centre,45,2.0,2017,9.0,1,195799
3707,Sud,96,,2002,3.0,1,212358
3708,Sud,82,2.0,2014,10.0,0,285283
3709,Centre,58,3.0,1994,4.0,1,203646
3710,Nord,58,1.0,1988,8.0,1,133837
3711,Centre,35,1.0,1958,6.0,0,127999
3712,Ouest,67,1.0,2019,2.0,1,122916
3713,Ouest,98,3.0,2016,10.0,0,303370
3714,Centre,108,3.0,1992,3.0,0,319814
3715,Nord,77,4.0,2010,4.0,0,171430
3716,Centre,63,3.0,1989,10.0,0,265043
3717,Nord,82,3.0,2999,4.0,1,192886
3718,Ouest,59,1.0,1962,,0,202030
3719,Nord,101,5.0,2012,,1,232728
3720,Centre,90,4.0,1988,2.0,0,303273
3721,Centre,97,4.0,1981,4.0,1,320229
3722,Nord,92,3.0,1976,3.0,0,155760
3723,Sud,106,3.0,2011,5.0,0,301129
3724,Sud,71,1.0,1950,9.0,1,210208
3725,Sud,106,3.0,2006,6.0,0,298010
3726,Centre,117,4.0,2021,7.0,1,442288
3727,Sud,86,4.0,2004,4.0,1,224403
3728,Nord,79,3.0,1983,3.0,0,150111
3729,Ouest,80,3.0,2012,4.0,1,169913
3730,Sud,84,2.0,1974,5.0,0,232869
3731,Sud,74,3.0,2002,3.0,0,198308
3732,Sud,20,2.0,1958,3.0,0,57280
3733,Centre,66,1.0,2021,9.0,0,247933
3734,Nord,83,4.0,2014,8.0,0,214152
3735,Centre,56,2.0,1982,8.0,0,209020
3736,Sud,84,2.0,1994,,1,250667
3737,Sud,89,2.0,1968,1.0,1,189943
3738,Ouest,69,1.0,2008,3.0,0,138204
3739,Sud,121,,1994,2.0,0,286339
3740,Ouest,72,1.0,1958,10.0,1,236561
3741,Sud,71,2.0,1995,7.0,1,202962
3742,Centre,94,,2021,3.0,0,298599
3743,Sud,93,3.0,1977,6.0,1,285474
3744,Nord,136,5.0,2013,8.0,0,330764
3745,Centre,96,2.0,1995,2.0,1,303829
3746,Sud,46,2.0,1956,7.0,1,148399
3747,Centre,55,3.0,1976,10.0,0,257337
3748,Nord,98,4.0,1977,8.0,1,266087
3749,Nord,89,2.0,1994,,1,173412
3750,Sud,77,3.0,2999,6.0,0,219992
3751,Ouest,82,3.0,1984,8.0,0,215558
3752,Nord,109,3.0,1987,8.0,1,285083
3753,Nord,77,3.0,2010,2.0,1,143808
3754,Sud,98,3.0,2013,1.0,0,220038
3755,Nord,81,3.0,1977,7.0,0,206570
3756,Centre,123,3.0,2023,4.0,0,407582
3757,Centre,15,1.0,2004,1.0,0,58632
3758,Nord,78,3.0,1972,,0,225886
3759,Nord,88,,1952,9.0,1,229802
3760,Ouest,58,1.0,1963,10.0,0,168989
3761,Sud,20,1.0,1996,9.0,0,61204
3762,Nord,83,3.0,1998,6.0,1,205493
3763,Nord,18,2.0,1956,10.0,0,46928
3764,Sud,91,3.0,1978,,0,319538
3765,Nord,52,1.0,1965,1.0,0,80911
3766,Ouest,115,4.0,1965,5.0,0,293001
3767,Centre,93,3.0,1989,7.0,0,362636
3768,Centre,94,3.0,1955,7.0,0,362090
3769,Sud,73,3.0,1982,5.0,1,209548
3770,Centre,48,1.0,1966,,1,133951
3771,Centre,71,2.0,1955,9.0,1,311644
3772,Ouest,56,1.0,1952,2.0,1,120301
3773,Ouest,73,3.0,1967,10.0,0,209798
3774,Sud,47,1.0,2019,5.0,0,137220
3775,Ouest,75,3.0,1998,7.0,1,206920
3776,Centre,73,1.0,2018,9.0,0,315032
3777,Sud,59,2.0,2007,3.0,0,160834
3778,Sud,97,4.0,2050,5.0,1,267591
3779,Ouest,98,3.0,2009,1.0,0,173644
3780,Ouest,119,3.0,1976,4.0,1,286862
3781,Ouest,75,2.0,1979,7.0,0,169365
3782,Centre,28,1.0,2015,5.0,0,92188
3783,Ouest,70,2.0,1969,2.0,0,162024
3784,Sud,74,1.0,1959,7.0,0,221828
3785,Sud,44,2.0,2019,6.0,1,109675
3786,Ouest,56,1.0,1967,2.0,0,123506
3787,Nord,57,2.0,1959,5.0,0,136593
3788,Ouest,70,3.0,1989,6.0,0,199106
3789,Ouest,84,3.0,1967,9.0,0,263325
3790,Nord,83,2.0,1979,8.0,0,218378
3791,Nord,54,3.0,1983,3.0,0,102628
3792,Ouest,55,2.0,2012,7.0,0,165414
3793,Ouest,51,1.0,1964,1.0,0,108717
3794,Ouest,113,4.0,1973,3.0,0,257246
3795,Centre,101,5.0,2003,1.0,1,245639
3796,Sud,63,2.0,2020,9.0,0,213610
3797,Sud,52,3.0,1970,9.0,1,146626
3798,Centre,42,2.0,2021,7.0,1,181163
3799,Nord,65,2.0,1950,,1,124663
3800,Centre,48,1.0,1972,,1,216940
3801,Nord,59,1.0,1994,3.0,1,123003
3802,Centre,60,3.0,1964,,1,206495
3803,Sud,36,1.0,2007,,1,136289
3804,Centre,89,3.0,1952,9.0,1,365312
3805,Centre,60,3.0,1996,7.0,1,254187
3806,Nord,76,4.0,1990,7.0,0,500
3807,Nord,15,2.0,2001,6.0,1,14374
3808,Nord,76,3.0,2002,9.0,0,235806
3809,Nord,73,2.0,1952,7.0,0,190737
3810,Nord,92,3.0,2015,4.0,0,180422
3811,Nord,60,2.0,1960,2.0,0,102828
3812,Nord,109,3.0,2006,3.0,0,213456
3813,Ouest,98,4.0,2000,3.0,1,228857
3814,Centre,64,1.0,1952,6.0,0,230237
3815,Sud,27,2.0,2003,,1,53519
3816,Sud,61,1.0,1986,7.0,1,221024
3817,Nord,45,1.0,1962,8.0,0,116414
3818,Sud,65,2.0,1951,5.0,0,167638
3819,Centre,52,2.0,1994,7.0,0,213378
3820,Sud,38,1.0,2021,4.0,1,86691
3821,Sud,68,3.0,1978,8.0,0,218486
3822,Nord,81,3.0,2003,3.0,1,184598
3823,Nord,72,3.0,1957,7.0,0,189098
3824,Ouest,49,2.0,1969,10.0,0,165858
3825,Nord,69,3.0,1959,2.0,1,102474
3826,Nord,29,,2005,8.0,1,81848
3827,Sud,78,3.0,1978,4.0,1,188666
3828,Sud,91,2.0,1972,1.0,0,197780
3829,Sud,74,1.0,1958,2.0,1,156718
3830,Ouest,95,3.0,1954,,1,208850
3831,Nord,102,5.0,1993,8.0,0,273262
3832,Sud,81,4.0,2010,4.0,0,218729
3833,Sud,92,3.0,1993,7.0,1,282697
3834,Nord,48,1.0,2010,10.0,1,145378
3835,Centre,70,1.0,1996,8.0,0,289426
3836,Ouest,29,2.0,1967,6.0,0,73673
3837,Ouest,57,2.0,1981,3.0,0,117937
3838,Ouest,21,2.0,1989,9.0,1,64600
3839,Nord,35,2.0,1972,1.0,0,74728
3840,Ouest,67,,2021,1.0,0,147435
3841,Centre,15,1.0,1954,10.0,0,49673
3842,Nord,72,2.0,1959,10.0,1,208420
3843,Centre,35,1.0,2010,3.0,1,139458
3844,Centre,39,1.0,2011,4.0,1,124328
3845,Ouest,87,2.0,2015,8.0,1,237216
3846,Sud,54,2.0,1970,4.0,1,156633
3847,Centre,42,1.0,1967,7.0,1,149961
3848,Nord,101,3.0,1970,8.0,0,235464
3849,Sud,71,2.0,1976,1.0,1,145855
3850,Sud,44,1.0,1960,1.0,1,99652
3851,Nord,114,3.0,2007,1.0,1,181020
3852,Nord,81,4.0,2019,6.0,1,181099
3853,Centre,78,3.0,1959,6.0,1,252279
3854,Centre,43,1.0,2009,6.0,0,156028
3855,Ouest,20,2.0,2007,10.0,0,66195
3856,Sud,57,3.0,1977,2.0,0,147331
3857,Sud,50,1.0,1956,10.0,1,170525
3858,Sud,92,3.0,1997,4.0,0,219656
3859,Nord,100,3.0,2007,4.0,1,222639
3860,Nord,34,1.0,2000,,0,108658
3861,Ouest,86,2.0,2018,10.0,1,274974
3862,Ouest,93,4.0,2014,5.0,0,235747
3863,Nord,118,4.0,2017,10.0,0,325452
3864,Nord,32,2.0,2050,9.0,0,74845
3865,Ouest,58,3.0,1968,10.0,1,188859
3866,Ouest,75,3.0,1967,5.0,1,225535
3867,Centre,81,4.0,1966,2.0,0,232377
3868,Nord,37,,1999,5.0,1,88816
3869,Sud,57,1.0,2016,9.0,1,187748
3870,Ouest,75,3.0,1997,9.0,1,233198
3871,Nord,61,2.0,1990,2.0,1,88231
3872,Ouest,123,5.0,2004,8.0,1,346471
3873,Nord,17,2.0,1989,4.0,1,44492
3874,Centre,98,4.0,2009,9.0,0,432421
3875,Centre,37,1.0,2013,3.0,1,122127
3876,Nord,65,3.0,1963,8.0,1,168226
3877,Centre,37,1.0,1953,10.0,0,159329
3878,Ouest,60,1.0,1992,9.0,1,167651
3879,Ouest,95,2.0,2001,5.0,0,232165
3880,Nord,69,3.0,1994,3.0,0,137194
3881,Nord,42,2.0,2011,7.0,1,95354
3882,Ouest,76,2.0,1994,2.0,0,170413
3883,Ouest,70,2.0,2016,10.0,1,208256
3884,Ouest,76,2.0,1995,2.0,1,177668
3885,Nord,92,2.0,1978,5.0,0,171838
3886,Centre,55,2.0,1998,5.0,1,202061
3887,Sud,80,4.0,1992,7.0,1,264037
3888,Sud,64,2.0,1971,1.0,0,129631
3889,Ouest,52,1.0,1951,4.0,1,127146
3890,Nord,89,4.0,1962,,1,213515
3891,Ouest,88,3.0,1964,3.0,0,193186
3892,Nord,65,3.0,2023,5.0,1,147300
3893,Centre,80,3.0,2010,1.0,1,240323
3894,Ouest,109,3.0,1996,9.0,1,329744
3895,Nord,84,4.0,1951,9.0,1,214155
3896,Centre,60,,1998,2.0,1,163383
3897,Ouest,42,1.0,1979,8.0,1,139138
3898,Centre,69,2.0,1956,9.0,0,271576
3899,Sud,50,3.0,2009,4.0,0,134118
3900,Centre,43,1.0,1956,4.0,0,146522
3901,Ouest,50,,1958,5.0,0,130291
3902,Centre,88,4.0,1998,9.0,1,385695
3903,Sud,54,3.0,1975,2.0,0,110906
3904,Centre,52,3.0,1975,2.0,0,147152
3905,Ouest,25,1.0,2004,3.0,1,64204
3906,Centre,33,1.0,1960,8.0,0,164750
3907,Nord,62,1.0,1996,3.0,1,114975
3908,Sud,81,2.0,2007,1.0,1,179598
3909,Ouest,44,1.0,1995,10.0,0,166664
3910,Centre,68,3.0,2014,6.0,0,240801
3911,Sud,112,5.0,2007,,1,270710
3912,Centre,91,3.0,1978,2.0,0,250292
3913,Sud,77,2.0,2008,7.0,1,215589
3914,Ouest,84,2.0,2003,6.0,0,225850
3915,Nord,71,1.0,2014,5.0,0,165831
3916,Nord,67,1.0,2021,1.0,1,108202
3917,Centre,18,2.0,1978,10.0,1,104201
3918,Ouest,15,2.0,1959,7.0,1,49829
3919,Sud,66,,2020,9.0,1,224706
3920,Ouest,86,3.0,2002,1.0,0,177453
3921,Sud,96,4.0,1973,5.0,1,278428
3922,Centre,39,2.0,1989,9.0,0,151071
3923,Nord,109,5.0,1950,2.0,1,194763
3924,Nord,38,1.0,1965,10.0,1,105576
3925,Centre,54,3.0,1999,4.0,0,175183
3926,Ouest,94,2.0,1956,4.0,1,238971
3927,Centre,80,4.0,1980,6.0,1,285380
3928,Centre,51,1.0,1975,9.0,0,213350
3929,Ouest,100,4.0,1955,7.0,0,275176
3930,Sud,73,1.0,2016,4.0,1,201972
3931,Sud,116,4.0,1992,8.0,1,383033
3932,Nord,94,2.0,1961,3.0,1,183271
3933,Ouest,111,3.0,2000,4.0,0,258606
3934,Centre,60,,1978,10.0,1,242885
3935,Ouest,97,3.0,1995,,0,189753
3936,Nord,64,1.0,1965,7.0,1,137616
3937,Sud,88,4.0,1952,6.0,0,276570
3938,Sud,88,2.0,2022,5.0,1,213703
3939,Centre,56,3.0,1975,1.0,1,165906
3940,Ouest,90,3.0,1981,9.0,1,261697
3941,Ouest,61,3.0,1992,8.0,0,174245
3942,Nord,40,1.0,2999,8.0,1,83226
3943,Centre,104,3.0,1983,9.0,0,466306
3944,Centre,57,1.0,1973,8.0,0,237591
3945,Ouest,124,5.0,1963,4.0,0,299650
3946,Centre,60,3.0,1969,9.0,1,257952
3947,Centre,28,2.0,1979,9.0,0,107844
3948,Centre,39,1.0,1969,,0,122239
3949,Centre,102,4.0,1994,8.0,1,411091
3950,Sud,95,4.0,1973,7.0,0,309869
3951,Centre,67,2.0,2017,10.0,1,283046
3952,Ouest,34,1.0,1973,9.0,0,68156
3953,Nord,54,1.0,1992,4.0,0,112867
3954,Centre,51,1.0,1983,3.0,1,152657
3955,Nord,76,2.0,1995,4.0,0,171909
3956,Centre,106,5.0,1987,7.0,1,500
3957,Ouest,90,,2010,4.0,1,193348
3958,Sud,78,2.0,1999,6.0,1,222166
3959,Centre,48,2.0,1950,4.0,0,161019
3960,Ouest,80,2.0,200,2.0,0,181171
3961,Nord,20,1.0,1952,5.0,1,51593
3962,Centre,105,4.0,2005,5.0,0,347541
3963,Sud,83,3.0,1974,,1,246271
3964,Sud,70,3.0,1985,5.0,1,172795
3965,Centre,87,2.0,1996,10.0,0,373334
3966,Ouest,44,1.0,2050,6.0,0,123823
3967,Centre,18,2.0,2012,5.0,0,51924
3968,Ouest,59,2.0,1957,4.0,0,141948
3969,Sud,124,3.0,1972,8.0,1,421258
3970,Nord,67,1.0,2005,3.0,0,118844
3971,Nord,58,3.0,1995,9.0,0,136695
3972,Sud,82,2.0,1972,7.0,0,264796
3973,Ouest,85,4.0,1953,10.0,1,292775
3974,Sud,50,3.0,2015,7.0,1,158758
3975,Centre,83,3.0,1972,2.0,0,243584
3976,Sud,93,3.0,1992,2.0,1,245926
3977,Nord,46,1.0,1953,10.0,0,120053
3978,Sud,117,5.0,1951,6.0,0,366323
3979,Sud,60,1.0,1950,1.0,1,136569
3980,Nord,44,2.0,1955,7.0,0,97360
3981,Ouest,67,1.0,2000,,0,184312
3982,Centre,98,3.0,2022,5.0,0,344809
3983,Ouest,81,2.0,1958,5.0,0,212642
3984,Centre,47,1.0,1960,3.0,0,177150
3985,Nord,46,1.0,1968,7.0,1,91368
3986,Sud,48,1.0,1958,8.0,0,131894
3987,Nord,70,2.0,1968,7.0,0,180016
3988,Nord,121,3.0,2001,5.0,0,260646
3989,Centre,75,4.0,1969,1.0,1,205085
3990,Sud,55,1.0,2007,3.0,1,144953
3991,Sud,109,4.0,1957,2.0,0,278167
3992,Nord,46,1.0,2021,5.0,1,76713
3993,Centre,63,2.0,2005,9.0,1,275415
3994,Centre,50,2.0,1969,8.0,0,194072
3995,Centre,60,,1987,7.0,1,228559
3996,Sud,81,4.0,1987,6.0,1,230369
3997,Ouest,100,3.0,2000,2.0,0,203296
3998,Nord,32,1.0,1992,6.0,1,77730
3999,Sud,70,2.0,1978,10.0,0,258395
4000,Nord,57,1.0,2007,5.0,1,137691
4001,Sud,26,1.0,1996,5.0,1,86222
4002,Ouest,81,2.0,1961,,0,290250
4003,Ouest,73,3.0,2021,10.0,1,228361
4004,Ouest,85,2.0,1955,3.0,1,174841
4005,Sud,43,2.0,2002,8.0,0,126214
4006,Centre,51,1.0,2012,,1,192282
4007,Sud,38,1.0,2017,4.0,0,97082
4008,Nord,81,3.0,2009,8.0,0,206679
4009,Centre,55,1.0,2003,8.0,0,220611
4010,Ouest,65,3.0,2000,10.0,1,227592
4011,Nord,64,2.0,2001,7.0,0,165161
4012,Nord,61,3.0,1999,10.0,1,149003
4013,Nord,36,2.0,2014,9.0,0,85622
4014,Ouest,82,3.0,1970,6.0,1,230488
4015,Sud,67,3.0,1955,4.0,1,176210
4016,Nord,50,1.0,1984,2.0,0,73066
4017,Sud,47,1.0,1970,,1,100217
4018,Centre,52,3.0,1978,9.0,1,224425
4019,Ouest,48,1.0,1962,7.0,1,124020
4020,Centre,75,4.0,1976,1.0,0,205472
4021,Ouest,80,4.0,1994,7.0,1,218589
4022,Nord,73,1.0,1996,1.0,1,130807
4023,Ouest,19,2.0,1983,5.0,0,52209
4024,Sud,66,1.0,2021,7.0,0,212324
4025,Nord,98,,1982,6.0,0,221230
4026,Nord,79,4.0,1991,3.0,1,159438
4027,Centre,69,1.0,1957,3.0,1,218065
4028,Centre,60,2.0,1979,5.0,0,188833
4029,Centre,81,2.0,2020,6.0,1,311057
4030,Sud,86,4.0,2014,3.0,1,238157
4031,Sud,32,1.0,1987,4.0,0,76008
4032,Sud,85,,1950,2.0,0,222925
4033,Nord,38,2.0,1990,9.0,0,114989
4034,Ouest,87,4.0,2001,2.0,0,161976
4035,Sud,69,2.0,2022,10.0,1,233848
4036,Centre,90,2.0,2012,10.0,1,396129
4037,Sud,72,2.0,2019,5.0,1,192396
4038,Ouest,97,4.0,2001,9.0,0,279018
4039,Centre,28,2.0,2001,2.0,1,68474
4040,Ouest,68,3.0,1968,10.0,0,245230
4041,Ouest,99,4.0,2017,8.0,1,288655
4042,Nord,59,2.0,1962,1.0,0,66796
4043,Sud,48,1.0,1954,8.0,1,151171
4044,Sud,93,2.0,1970,5.0,1,252217
4045,Nord,72,1.0,2002,9.0,1,187111
4046,Sud,79,3.0,2012,4.0,0,217193
4047,Ouest,69,2.0,2001,,1,194363
4048,Ouest,82,3.0,1992,2.0,0,175468
4049,Sud,25,2.0,1969,9.0,0,70317
4050,Centre,43,2.0,1956,9.0,1,172938
4051,Centre,82,2.0,2002,5.0,1,269556
4052,Centre,62,2.0,1981,7.0,0,259282
4053,Sud,48,1.0,1999,8.0,1,185648
4054,Ouest,48,2.0,1959,9.0,0,131662
4055,Nord,87,4.0,2021,7.0,1,216526
4056,Centre,91,2.0,1978,3.0,0,281150
4057,Sud,46,1.0,1955,3.0,1,115503
4058,Sud,119,4.0,2003,9.0,0,389530
4059,Nord,54,1.0,1980,9.0,1,121960
4060,Sud,72,2.0,2006,7.0,0,215871
4061,Ouest,105,4.0,2002,6.0,1,264144
4062,Ouest,49,1.0,1974,8.0,0,133559
4063,Centre,70,1.0,2019,4.0,1,224682
4064,Ouest,81,4.0,1983,2.0,1,168304
4065,Nord,96,3.0,2999,3.0,0,197884
4066,Ouest,50,2.0,1963,6.0,1,147725
4067,Centre,87,3.0,2023,4.0,0,305617
4068,Centre,60,1.0,1985,4.0,0,183450
4069,Centre,99,2.0,2001,1.0,1,273788
4070,Centre,57,1.0,1967,10.0,1,245397
4071,Nord,97,2.0,1979,8.0,1,251438
4072,Sud,82,2.0,1998,5.0,0,208682
4073,Ouest,74,1.0,1988,3.0,0,151599
4074,Nord,91,2.0,1952,3.0,0,187770
4075,Centre,88,3.0,2018,5.0,1,303635
4076,Sud,90,2.0,1999,3.0,1,241008
4077,Sud,45,2.0,2021,3.0,0,93589
4078,Centre,92,3.0,1988,9.0,0,398967
4079,Ouest,67,2.0,2003,7.0,0,167749
4080,Nord,15,2.0,1978,8.0,1,7076
4081,Nord,60,3.0,1955,4.0,1,148839
4082,Centre,56,1.0,1992,4.0,1,192460
4083,Centre,79,2.0,2016,9.0,1,500
4084,Nord,86,2.0,1994,,0,185992
4085,Centre,78,2.0,1955,,1,310713
4086,Nord,91,2.0,2015,9.0,1,245150
4087,Ouest,75,2.0,1987,2.0,0,159107
4088,Centre,27,1.0,2013,6.0,1,73455
4089,Nord,75,4.0,1968,8.0,0,195414
4090,Centre,58,3.0,1975,10.0,0,246099
4091,Ouest,89,4.0,1991,,1,228898
4092,Ouest,63,3.0,1988,4.0,1,154095
4093,Centre,96,4.0,1951,8.0,0,392874
4094,Sud,73,3.0,1991,2.0,0,147650
4095,Ouest,132,5.0,2012,8.0,1,383807
4096,Nord,90,,1975,4.0,1,175212
4097,Nord,110,4.0,2023,7.0,0,284126
4098,Nord,20,1.0,1960,9.0,0,66733
4099,Sud,84,3.0,1966,3.0,1,215582
4100,Ouest,66,2.0,1996,1.0,1,137264
4101,Sud,70,2.0,1997,9.0,1,264533
4102,Sud,111,3.0,2000,1.0,1,251054
4103,Ouest,97,4.0,1962,9.0,1,279911
4104,Ouest,52,1.0,2023,3.0,0,128797
4105,Ouest,45,1.0,2003,6.0,1,125594
4106,Sud,106,5.0,1952,3.0,0,266971
4107,Centre,31,2.0,2014,6.0,1,115871
4108,Centre,70,1.0,1986,4.0,1,219451
4109,Sud,66,1.0,2013,6.0,0,203307
4110,Sud,124,3.0,2012,4.0,1,300169
4111,Centre,62,1.0,1987,10.0,1,257637
4112,Ouest,54,,2002,9.0,0,169359
4113,Nord,88,2.0,1951,5.0,0,192850
4114,Ouest,20,1.0,1986,10.0,0,71789
4115,Nord,76,3.0,1965,,1,157113
4116,Sud,46,1.0,1988,1.0,1,94352
4117,Nord,58,3.0,1950,8.0,1,150979
4118,Ouest,30,1.0,2017,10.0,0,93913
4119,Sud,40,1.0,2015,6.0,0,134707
4120,Centre,75,2.0,1996,4.0,0,254027
4121,Ouest,30,1.0,1974,5.0,1,98100
4122,Nord,88,3.0,1984,8.0,1,236595
4123,Nord,53,2.0,2006,6.0,1,132011
4124,Sud,61,2.0,2017,2.0,1,126521
4125,Sud,88,2.0,2015,4.0,1,246146
4126,Centre,85,2.0,200,7.0,0,328187
4127,Sud,95,3.0,2023,9.0,1,326831
4128,Ouest,25,1.0,1962,1.0,1,57637
4129,Nord,62,3.0,1950,4.0,1,136860
4130,Nord,51,2.0,2013,9.0,1,147420
4131,Centre,52,2.0,1975,1.0,0,165363
4132,Centre,47,1.0,1959,6.0,0,146302
4133,Ouest,57,2.0,1969,5.0,0,140352
4134,Sud,28,2.0,2006,10.0,1,82871
4135,Nord,66,1.0,1960,3.0,1,124514
4136,Centre,84,4.0,1960,8.0,0,334170
4137,Sud,85,4.0,1965,10.0,0,294166
4138,Sud,64,3.0,2015,10.0,0,217855
4139,Sud,118,3.0,1963,8.0,1,356769
4140,Sud,76,4.0,1961,8.0,0,266299
4141,Centre,73,2.0,2023,10.0,0,331460
4142,Sud,53,1.0,1988,7.0,0,169548
4143,Ouest,52,3.0,1963,10.0,1,165403
4144,Nord,125,6.0,1973,6.0,0,265277
4145,Centre,94,4.0,1967,4.0,0,303456
4146,Nord,109,5.0,1961,3.0,1,229786
4147,Nord,95,4.0,2012,9.0,1,261644
4148,Ouest,84,2.0,1980,7.0,0,219603
4149,Centre,15,2.0,2015,6.0,0,42661
4150,Ouest,48,2.0,1990,,1,122925
4151,Sud,97,2.0,1967,8.0,1,327119
4152,Nord,60,1.0,2003,6.0,1,146561
4153,Centre,81,4.0,1962,9.0,0,357022
4154,Nord,70,1.0,1960,7.0,0,179149
4155,Centre,86,3.0,2014,3.0,1,254642
4156,Ouest,40,1.0,1993,1.0,0,60294
4157,Nord,67,1.0,1993,7.0,1,172445
4158,Ouest,42,2.0,1962,2.0,0,87833
4159,Centre,123,3.0,2001,4.0,0,414862
4160,Nord,57,2.0,2010,6.0,0,136393
4161,Ouest,50,3.0,1958,7.0,1,122735
4162,Sud,100,4.0,1972,6.0,1,282795
4163,Sud,75,3.0,1997,2.0,0,156381
4164,Sud,50,1.0,2002,6.0,1,142126
4165,Nord,57,2.0,1990,2.0,1,72279
4166,Ouest,63,2.0,2015,10.0,0,180196
4167,Ouest,40,1.0,1975,1.0,1,82202
4168,Sud,75,3.0,1952,7.0,1,239883
4169,Ouest,84,3.0,1997,9.0,0,241538
4170,Sud,95,3.0,1997,4.0,0,241810
4171,Nord,36,1.0,2003,4.0,1,87122
4172,Nord,65,3.0,1982,9.0,0,184406
4173,Ouest,42,1.0,1979,1.0,0,81716
4174,Ouest,69,2.0,1965,2.0,1,152253
4175,Ouest,58,3.0,1987,1.0,1,125056
4176,Nord,94,2.0,2011,6.0,0,202456
4177,Nord,69,1.0,2050,10.0,1,181503
4178,Sud,72,3.0,2019,2.0,1,150344
4179,Sud,41,2.0,2007,1.0,0,76297
4180,Centre,71,1.0,2009,3.0,0,237601
4181,Nord,58,1.0,1975,5.0,1,134411
4182,Centre,86,4.0,1983,9.0,1,384806
4183,Ouest,68,2.0,2022,4.0,1,182110
4184,Centre,53,3.0,1974,10.0,1,243734
4185,Sud,56,3.0,1987,6.0,0,136754
4186,Sud,34,1.0,2022,2.0,1,74859
4187,Nord,83,2.0,2008,,0,237407
4188,Ouest,15,2.0,1954,4.0,0,1817
4189,Sud,58,3.0,1984,6.0,0,172825
4190,Nord,37,2.0,2007,2.0,0,74515
4191,Ouest,86,4.0,1965,1.0,1,186947
4192,Sud,91,4.0,2000,5.0,0,243948
4193,Ouest,80,3.0,2019,7.0,0,235629
4194,Sud,26,1.0,1953,8.0,1,64237
4195,Nord,54,1.0,2007,8.0,1,143540
4196,Centre,112,5.0,1980,7.0,1,414065
4197,Nord,80,4.0,1969,1.0,1,129450
4198,Ouest,84,2.0,1975,5.0,0,197536
4199,Centre,61,1.0,2001,4.0,0,190621
4200,Ouest,69,2.0,2017,4.0,0,180906
4201,Nord,117,4.0,1979,9.0,1,317990
4202,Nord,57,2.0,1976,5.0,0,136176
4203,Centre,66,3.0,1990,4.0,1,217938
4204,Ouest,51,3.0,2004,7.0,0,152514
4205,Centre,75,4.0,1952,1.0,1,217337
4206,Centre,87,3.0,2002,6.0,0,336553
4207,Nord,55,3.0,1958,1.0,0,87807
4208,Nord,44,1.0,2003,1.0,0,61145
4209,Sud,134,6.0,1982,9.0,0,460871
4210,Nord,95,4.0,2012,7.0,1,243568
4211,Centre,112,3.0,2050,3.0,0,350256
4212,Ouest,74,1.0,1954,8.0,0,178562
4213,Nord,75,3.0,1987,5.0,0,138693
4214,Nord,95,3.0,1987,,0,207152
4215,Centre,77,3.0,1957,5.0,0,244265
4216,Centre,65,,2014,7.0,0,242692
4217,Centre,71,1.0,1997,1.0,1,184708
4218,Centre,69,1.0,2018,8.0,0,270941
4219,Ouest,71,1.0,1952,9.0,0,224209
4220,Centre,63,2.0,1951,10.0,1,288832
4221,Ouest,39,1.0,1983,4.0,0,100418
4222,Ouest,49,2.0,2007,9.0,1,139136
4223,Ouest,96,2.0,1984,9.0,0,299591
4224,Ouest,84,3.0,1985,4.0,0,191668
4225,Ouest,69,2.0,1981,4.0,1,171304
4226,Sud,57,1.0,2013,5.0,1,162407
4227,Ouest,54,1.0,1997,6.0,1,139645
4228,Centre,43,2.0,1955,10.0,1,189884
4229,Sud,82,3.0,1957,8.0,0,274139
4230,Sud,120,3.0,2019,7.0,0,379318
4231,Ouest,83,4.0,1972,10.0,0,274641
4232,Ouest,111,4.0,1991,5.0,1,247240
4233,Ouest,48,1.0,1976,3.0,1,110635
4234,Ouest,73,,2003,3.0,1,156504
4235,Ouest,86,3.0,1968,1.0,1,164722
4236,Nord,140,4.0,1962,9.0,0,391460
4237,Centre,92,3.0,1953,5.0,1,333867
4238,Sud,96,4.0,2007,1.0,1,218838
4239,Sud,103,5.0,1952,6.0,0,284521
4240,Sud,99,2.0,1979,10.0,0,349831
4241,Sud,117,3.0,1973,9.0,1,401591
4242,Centre,51,2.0,1970,8.0,0,202415
4243,Sud,100,3.0,1999,3.0,1,250477
4244,Centre,50,3.0,1958,2.0,0,139094
4245,Nord,52,1.0,1993,8.0,0,117864
4246,Ouest,102,,2003,6.0,0,252062
4247,Sud,53,1.0,1958,7.0,0,168560
4248,Ouest,106,5.0,1990,6.0,0,274699
4249,Nord,53,1.0,2016,3.0,1,100802
4250,Nord,56,1.0,1969,2.0,1,84987
4251,Ouest,45,1.0,1966,8.0,1,141047
4252,Nord,64,3.0,1974,2.0,0,113701
4253,Nord,82,2.0,2005,9.0,0,229277
4254,Centre,52,3.0,1953,8.0,0,187271
4255,Sud,91,2.0,2019,4.0,0,260734
4256,Ouest,23,2.0,1973,5.0,1,53753
4257,Sud,102,4.0,1964,7.0,0,293043
4258,Centre,79,4.0,2006,9.0,0,348809
4259,Nord,74,2.0,1991,3.0,0,139516
4260,Centre,70,3.0,2008,1.0,0,185862
4261,Nord,44,1.0,1983,6.0,0,113801
4262,Ouest,76,2.0,1994,9.0,1,236256
4263,Nord,41,1.0,1971,6.0,0,101171
4264,Ouest,104,4.0,2003,4.0,0,224720
4265,Ouest,89,4.0,1991,2.0,0,203102
4266,Nord,49,1.0,2001,4.0,0,101742
4267,Centre,89,3.0,1987,3.0,0,279034
4268,Ouest,62,3.0,1955,7.0,1,185673
4269,Nord,70,2.0,1974,7.0,1,158215
4270,Sud,117,3.0,1999,2.0,0,272006
4271,Nord,85,4.0,2009,8.0,1,223916
4272,Ouest,59,1.0,2000,6.0,0,169648
4273,Centre,72,1.0,2014,2.0,0,227442
4274,Nord,78,4.0,2019,3.0,1,146841
4275,Ouest,71,2.0,1973,7.0,0,171676
4276,Nord,67,3.0,2007,7.0,1,155480
4277,Nord,53,1.0,1951,3.0,1,75474
4278,Sud,66,2.0,2008,4.0,1,161458
4279,Sud,95,3.0,2001,5.0,1,251978
4280,Nord,51,1.0,1979,1.0,0,97641
4281,Centre,88,3.0,1954,3.0,1,266488
4282,Ouest,54,1.0,1953,9.0,1,156021
4283,Nord,73,3.0,1956,6.0,0,192719
4284,Centre,98,4.0,1971,,1,403334
4285,Ouest,67,1.0,1966,5.0,1,159412
4286,Ouest,53,1.0,1996,3.0,0,123670
4287,Centre,50,1.0,1978,4.0,0,175216
4288,Nord,44,2.0,2001,7.0,1,123922
4289,Nord,80,4.0,2050,4.0,1,175286
4290,Ouest,55,1.0,1959,2.0,0,136527
4291,Ouest,47,1.0,1968,6.0,1,123480
4292,Ouest,103,5.0,1992,10.0,1,320970
4293,Ouest,80,4.0,2021,6.0,1,210430
4294,Ouest,60,2.0,2008,,0,136671
4295,Nord,128,4.0,2005,,0,319401
4296,Ouest,88,2.0,2999,10.0,0,279272
4297,Nord,55,3.0,1977,3.0,0,63070
4298,Nord,75,4.0,2014,1.0,1,123353
4299,Sud,50,,2019,7.0,1,158015
4300,Sud,82,4.0,2003,3.0,0,209232
4301,Centre,77,2.0,1988,8.0,1,293609
4302,Ouest,80,3.0,1995,10.0,1,239308
4303,Centre,58,3.0,2020,10.0,1,234535
4304,Nord,50,1.0,1986,,0,124809
4305,Centre,43,1.0,1992,2.0,1,143175
4306,Centre,42,1.0,2017,10.0,1,186262
4307,Sud,106,3.0,1975,1.0,1,219991
4308,Ouest,27,1.0,1957,9.0,0,70244
4309,Centre,86,2.0,2013,2.0,1,270961
4310,Nord,82,3.0,2003,8.0,1,206642
4311,Nord,94,4.0,200,2.0,0,155288
4312,Ouest,42,2.0,2009,8.0,1,156270
4313,Nord,55,1.0,1954,2.0,1,86733
4314,Centre,55,1.0,2008,10.0,1,253378
4315,Centre,87,3.0,1966,5.0,0,304957
4316,Nord,52,3.0,1995,5.0,1,118919
4317,Ouest,51,2.0,2008,5.0,1,109885
4318,Sud,63,2.0,1984,4.0,0,161690
4319,Centre,63,1.0,1973,8.0,0,249819
4320,Centre,48,1.0,2016,7.0,1,177339
4321,Nord,68,3.0,1953,10.0,0,183277
4322,Sud,98,2.0,1960,7.0,1,276550
4323,Ouest,65,2.0,2007,8.0,0,176394
4324,Ouest,54,2.0,2021,2.0,0,107920
4325,Sud,102,3.0,2009,5.0,1,284517
4326,Nord,103,4.0,1950,10.0,1,290972
4327,Centre,102,4.0,1986,5.0,0,353451
4328,Ouest,92,2.0,2008,7.0,1,264207
4329,Ouest,93,4.0,2003,7.0,0,264518
4330,Ouest,72,3.0,1983,6.0,0,200856
4331,Ouest,89,4.0,1967,9.0,0,304789
4332,Nord,48,2.0,2021,4.0,0,127749
4333,Ouest,91,4.0,1988,3.0,1,207380
4334,Centre,123,4.0,1976,2.0,1,353838
4335,Ouest,81,2.0,2001,9.0,1,267590
4336,Centre,83,3.0,1996,8.0,0,334334
4337,Sud,67,1.0,1989,7.0,1,200046
4338,Sud,69,3.0,1956,7.0,0,182545
4339,Nord,116,4.0,2022,3.0,0,217524
4340,Sud,67,3.0,2015,8.0,1,196327
4341,Centre,85,4.0,1993,10.0,0,349497
4342,Centre,65,2.0,1951,2.0,1,199568
4343,Sud,77,4.0,2019,4.0,1,215124
4344,Nord,63,1.0,1992,10.0,0,187556
4345,Nord,47,1.0,1954,9.0,1,126026
4346,Sud,112,5.0,1993,7.0,1,380626
4347,Ouest,29,1.0,2007,2.0,1,55403
4348,Nord,86,2.0,2006,8.0,1,189682
4349,Centre,57,1.0,1956,6.0,1,204386
4350,Nord,81,2.0,2999,7.0,0,230526
4351,Ouest,63,3.0,2009,10.0,1,181981
4352,Sud,52,1.0,2014,2.0,0,143944
4353,Centre,83,3.0,1982,9.0,0,347894
4354,Ouest,117,4.0,1978,7.0,1,328813
4355,Nord,45,1.0,1952,3.0,1,78976
4356,Centre,64,2.0,1974,2.0,0,209903
4357,Sud,56,3.0,1996,10.0,0,191696
4358,Nord,48,1.0,1968,9.0,1,113765
4359,Ouest,52,3.0,1950,4.0,0,109596
4360,Sud,49,1.0,1966,10.0,0,185646
4361,Centre,75,3.0,1975,7.0,0,288749
4362,Nord,103,5.0,1983,2.0,1,202040
4363,Sud,92,3.0,1976,7.0,1,287049
4364,Ouest,101,5.0,1961,7.0,1,278460
4365,Sud,54,1.0,1993,6.0,0,154535
4366,Sud,83,4.0,1975,3.0,1,178697
4367,Ouest,33,2.0,2011,7.0,0,107300
4368,Nord,123,3.0,1977,4.0,1,254627
4369,Ouest,108,5.0,1995,10.0,0,362549
4370,Ouest,76,2.0,1992,8.0,1,232937
4371,Nord,53,2.0,1994,4.0,0,107456
4372,Ouest,20,1.0,2015,3.0,0,24711
4373,Ouest,61,2.0,1950,8.0,1,190234
4374,Ouest,57,2.0,2050,9.0,1,165344
4375,Sud,41,1.0,2020,6.0,1,122592
4376,Centre,135,6.0,2002,10.0,0,582576
4377,Nord,101,4.0,1959,10.0,1,270125
4378,Ouest,73,1.0,1995,8.0,1,191869
4379,Nord,124,5.0,2006,,0,236964
4380,Ouest,60,,1975,2.0,1,128244
4381,Sud,56,3.0,1975,10.0,0,179326
4382,Centre,81,3.0,1980,2.0,1,238754
4383,Ouest,89,4.0,2004,10.0,0,277874
4384,Ouest,80,2.0,2023,6.0,0,171374
4385,Nord,84,2.0,1990,2.0,1,167884
4386,Ouest,115,5.0,2008,8.0,0,337205
4387,Nord,124,5.0,2004,5.0,0,276726
4388,Nord,65,2.0,1998,2.0,1,112125
4389,Nord,85,4.0,1983,4.0,0,165641
4390,Nord,91,4.0,1994,2.0,1,174361
4391,Ouest,54,3.0,1957,3.0,0,145789
4392,Nord,86,4.0,1958,9.0,0,243264
4393,Sud,40,1.0,2022,4.0,0,99176
4394,Nord,57,2.0,1974,7.0,1,111911
4395,Sud,25,2.0,1957,6.0,1,41451
4396,Sud,53,3.0,1978,9.0,1,165091
4397,Centre,58,3.0,1962,5.0,1,208305
4398,Sud,58,3.0,1960,6.0,0,176903
4399,Sud,52,2.0,1959,9.0,1,186160
4400,Nord,70,2.0,2004,7.0,1,164927
4401,Ouest,91,4.0,1951,3.0,0,210517
4402,Nord,69,2.0,1959,9.0,1,175110
4403,Sud,67,3.0,1971,10.0,0,232517
4404,Ouest,34,2.0,1960,2.0,0,89983
4405,Sud,82,2.0,1972,4.0,1,208269
4406,Ouest,69,1.0,2020,3.0,0,177440
4407,Nord,82,4.0,1999,,0,202312
4408,Nord,73,3.0,2017,10.0,1,214801
4409,Centre,66,1.0,1976,10.0,0,295933
4410,Centre,51,2.0,1997,2.0,1,145341
4411,Sud,65,1.0,1979,1.0,0,157051
4412,Centre,52,2.0,1954,3.0,1,150917
4413,Nord,69,2.0,1959,9.0,0,170130
4414,Sud,63,1.0,2017,8.0,0,205628
4415,Nord,33,2.0,1955,7.0,0,91572
4416,Sud,96,4.0,2004,9.0,0,324250
4417,Sud,73,2.0,1985,1.0,0,179186
4418,Centre,26,2.0,2021,9.0,0,109283
4419,Nord,88,4.0,2021,9.0,0,238999
4420,Sud,64,3.0,1980,6.0,0,188452
4421,Ouest,94,2.0,1966,4.0,1,212804
4422,Nord,59,3.0,1971,8.0,1,144121
4423,Nord,109,4.0,1989,4.0,0,253575
4424,Sud,61,3.0,1990,7.0,1,175019
4425,Nord,32,1.0,1991,4.0,1,74984
4426,Sud,79,2.0,1981,5.0,0,223420
4427,Nord,57,3.0,1990,4.0,0,133762
4428,Sud,68,1.0,1995,3.0,0,179492
4429,Nord,58,2.0,2007,6.0,1,127639
4430,Nord,34,2.0,1971,5.0,0,97927
4431,Centre,92,4.0,200,6.0,0,327514
4432,Ouest,132,5.0,1970,8.0,0,372805
4433,Ouest,81,2.0,1966,4.0,1,196007
4434,Centre,94,3.0,2019,2.0,1,261531
4435,Ouest,79,4.0,1962,9.0,1,226255
4436,Centre,76,4.0,2021,5.0,1,262560
4437,Nord,74,3.0,2007,10.0,0,201484
4438,Centre,44,2.0,1978,1.0,0,131515
4439,Nord,72,3.0,200,1.0,0,139384
4440,Ouest,47,2.0,2002,1.0,1,87428
4441,Centre,88,4.0,1961,4.0,0,290391
4442,Nord,42,2.0,2017,6.0,1,92321
4443,Ouest,98,3.0,1955,6.0,0,268858
4444,Ouest,84,3.0,1998,2.0,1,186750
4445,Nord,38,1.0,1975,5.0,1,89163
4446,Nord,80,4.0,2012,9.0,1,198472
4447,Ouest,38,1.0,1959,1.0,1,46600
4448,Sud,59,2.0,1971,1.0,0,124948
4449,Ouest,28,1.0,1953,4.0,0,77346
4450,Sud,65,3.0,1995,6.0,1,177630
4451,Sud,70,2.0,1959,6.0,0,180475
4452,Sud,98,2.0,1957,9.0,0,311511
4453,Nord,56,3.0,2015,2.0,1,124654
4454,Ouest,33,2.0,2007,7.0,0,75016
4455,Centre,90,2.0,1953,5.0,0,299059
4456,Nord,62,1.0,2009,4.0,1,129919
4457,Centre,101,3.0,1987,10.0,1,439168
4458,Nord,75,4.0,2016,8.0,0,192675
4459,Ouest,75,2.0,1962,5.0,1,178237
4460,Ouest,57,1.0,200,6.0,1,164877
4461,Sud,47,,2002,1.0,0,111002
4462,Nord,84,3.0,1979,1.0,1,130480
4463,Centre,61,1.0,1968,5.0,1,203629
4464,Nord,124,4.0,1992,6.0,0,288493
4465,Nord,41,1.0,2002,10.0,1,105520
4466,Centre,132,4.0,2023,1.0,1,379304
4467,Centre,87,3.0,2017,8.0,1,347702
4468,Nord,73,1.0,1997,7.0,1,500
4469,Sud,112,3.0,1976,2.0,1,267091
4470,Sud,94,4.0,1970,4.0,1,237568
4471,Centre,61,1.0,1980,2.0,0,200963
4472,Centre,58,3.0,1996,,0,232660
4473,Nord,76,2.0,1962,6.0,1,172777
4474,Sud,81,2.0,1993,7.0,1,261114
4475,Ouest,46,1.0,2019,6.0,1,104472
4476,Ouest,73,3.0,1998,1.0,0,143644
4477,Ouest,87,,1971,4.0,0,217577
4478,Centre,15,2.0,1990,6.0,1,95744
4479,Sud,42,2.0,1984,4.0,1,117117
4480,Ouest,45,1.0,2001,10.0,1,142857
4481,Ouest,81,3.0,1975,7.0,0,218567
4482,Centre,73,2.0,2014,,1,330046
4483,Nord,80,3.0,1952,6.0,1,180387
4484,Nord,73,3.0,1959,6.0,1,178738
4485,Ouest,73,2.0,1975,2.0,1,147700
4486,Sud,72,2.0,1951,4.0,1,217522
4487,Sud,55,2.0,1954,10.0,0,216212
4488,Sud,58,2.0,1992,1.0,1,123485
4489,Centre,100,3.0,1985,,1,357856
4490,Ouest,38,2.0,1999,1.0,0,61232
4491,Sud,38,1.0,1956,6.0,0,97987
4492,Centre,33,2.0,1951,3.0,0,111554
4493,Nord,62,3.0,1986,4.0,0,116650
4494,Ouest,48,1.0,1961,2.0,0,94137
4495,Nord,77,3.0,2007,5.0,0,159139
4496,Ouest,46,1.0,1996,5.0,1,147073
4497,Ouest,126,6.0,1962,4.0,0,319506
4498,Centre,36,1.0,1959,8.0,1,500
4499,Nord,73,2.0,2007,10.0,1,226809
4500,Nord,74,1.0,1965,8.0,1,169281
4501,Ouest,70,3.0,1988,5.0,1,154633
4502,Centre,70,3.0,2010,,0,218292
4503,Nord,51,1.0,2015,10.0,0,153699
4504,Nord,97,2.0,2050,8.0,0,251828
4505,Centre,59,3.0,1987,10.0,0,255098
4506,Nord,74,1.0,2009,6.0,0,196027
4507,Centre,103,3.0,1996,10.0,0,446662
4508,Sud,72,1.0,1985,6.0,0,208818
4509,Ouest,17,2.0,2002,8.0,1,44563
4510,Nord,99,,2023,4.0,1,217141
4511,Ouest,33,1.0,2023,3.0,0,89782
4512,Ouest,45,1.0,2000,3.0,0,90695
4513,Ouest,61,,2005,,0,120695
4514,Sud,92,2.0,1980,4.0,1,244709
4515,Sud,71,3.0,2023,8.0,0,195378
4516,Ouest,72,3.0,1990,8.0,1,231064
4517,Sud,90,2.0,1959,6.0,0,268844
4518,Nord,87,2.0,2013,8.0,0,218772
4519,Sud,124,5.0,1989,7.0,0,392634
4520,Centre,42,1.0,1974,9.0,0,164707
4521,Sud,35,2.0,2004,1.0,0,58882
4522,Centre,62,2.0,2013,9.0,1,275550
4523,Centre,105,5.0,1964,7.0,1,411286
4524,Sud,35,,2014,5.0,0,122403
4525,Sud,101,4.0,1982,4.0,1,253840
4526,Ouest,32,1.0,1991,5.0,0,49428
4527,Ouest,75,2.0,1971,10.0,1,207290
4528,Centre,99,4.0,1964,1.0,0,290677
4529,Centre,47,1.0,2018,7.0,1,154629
4530,Ouest,60,2.0,2022,4.0,1,133789
4531,Ouest,74,2.0,1952,4.0,0,176771
4532,Sud,73,1.0,1991,6.0,0,210669
4533,Ouest,51,3.0,2015,10.0,1,148792
4534,Centre,105,4.0,1968,2.0,0,261919
4535,Ouest,60,2.0,2000,9.0,1,179915
4536,Sud,61,3.0,2000,3.0,1,166981
4537,Nord,46,2.0,2999,3.0,1,81448
4538,Sud,45,1.0,2004,7.0,1,148694
4539,Nord,77,2.0,1955,9.0,1,187440
4540,Ouest,38,1.0,2017,7.0,0,94346
4541,Nord,81,4.0,1972,3.0,1,165086
4542,Ouest,29,1.0,1967,10.0,0,85892
4543,Centre,94,3.0,1960,4.0,0,323660
4544,Ouest,15,1.0,1962,7.0,0,15775
4545,Centre,30,2.0,1972,2.0,0,72933
4546,Ouest,67,2.0,200,2.0,1,125728
4547,Centre,86,2.0,2019,2.0,0,250068
4548,Centre,81,,1953,2.0,1,262322
4549,Nord,74,3.0,1952,6.0,1,163794
4550,Nord,92,2.0,2005,1.0,0,182437
4551,Nord,85,4.0,2001,9.0,0,230910
4552,Ouest,25,1.0,1971,7.0,0,57029
4553,Centre,54,3.0,1962,9.0,0,208393
4554,Ouest,37,1.0,1956,8.0,1,118559
4555,Nord,97,2.0,1987,6.0,1,231571
4556,Ouest,59,2.0,1968,9.0,0,199712
4557,Ouest,95,2.0,2013,1.0,1,196171
4558,Nord,80,2.0,2018,10.0,1,252342
4559,Sud,73,1.0,1969,6.0,1,222980
4560,Centre,76,,2013,7.0,1,288305
4561,Centre,68,3.0,1953,2.0,1,193103
4562,Sud,85,3.0,2014,7.0,0,240909
4563,Centre,63,2.0,2022,9.0,0,282674
4564,Nord,80,2.0,2004,6.0,0,197373
4565,Centre,64,3.0,2010,8.0,1,258583
4566,Nord,56,1.0,2006,4.0,1,120066
4567,Nord,55,2.0,1998,5.0,1,101926
4568,Ouest,61,1.0,1985,7.0,1,171916
4569,Sud,59,2.0,1959,4.0,0,158808
4570,Centre,81,3.0,1987,8.0,0,297453
4571,Ouest,86,4.0,2009,6.0,0,224778
4572,Ouest,77,4.0,1951,3.0,1,184849
4573,Nord,51,2.0,1970,1.0,1,98837
4574,Ouest,51,1.0,2011,6.0,0,149026
4575,Nord,89,2.0,1969,5.0,1,193436
4576,Sud,74,1.0,1953,8.0,1,245623
4577,Centre,49,1.0,1985,7.0,1,157664
4578,Centre,76,2.0,1985,9.0,1,327701
4579,Sud,63,1.0,2017,2.0,0,131616
4580,Centre,99,2.0,1971,10.0,1,422582
4581,Centre,88,2.0,1977,5.0,0,290862
4582,Centre,66,1.0,1970,4.0,1,186883
4583,Nord,104,3.0,1971,7.0,1,219080
4584,Ouest,58,3.0,1981,10.0,0,170903
4585,Ouest,65,3.0,2003,6.0,1,190360
4586,Nord,77,2.0,1951,6.0,1,165427
4587,Centre,26,1.0,2016,10.0,1,118763
4588,Ouest,69,1.0,2008,9.0,1,219605
4589,Sud,66,3.0,1950,3.0,1,160673
4590,Nord,67,1.0,2022,6.0,0,162302
4591,Centre,39,1.0,2015,9.0,1,186380
4592,Nord,89,3.0,2007,9.0,1,225064
4593,Nord,65,2.0,2009,5.0,0,151238
4594,Sud,61,2.0,2003,4.0,1,186091
4595,Centre,64,2.0,2008,,0,303014
4596,Sud,51,3.0,1999,10.0,0,207889
4597,Sud,66,2.0,1953,8.0,1,219870
4598,Centre,57,1.0,1965,6.0,0,500
4599,Nord,66,2.0,1978,8.0,1,167019
4600,Ouest,83,2.0,1973,2.0,1,155331
4601,Nord,48,1.0,2999,4.0,1,113308
4602,Sud,51,3.0,2012,5.0,1,118423
4603,Ouest,51,2.0,1956,1.0,0,111364
4604,Ouest,15,1.0,2015,5.0,0,54633
4605,Sud,44,2.0,2005,4.0,1,97195
4606,Centre,57,1.0,1992,8.0,0,197319
4607,Sud,70,3.0,2016,6.0,1,203939
4608,Sud,64,3.0,1960,8.0,1,202700
4609,Centre,63,3.0,1950,6.0,1,212817
4610,Ouest,89,2.0,2021,5.0,0,223975
4611,Centre,39,1.0,2016,2.0,0,104487
4612,Centre,60,2.0,1979,,0,159961
4613,Sud,45,2.0,2007,4.0,1,111260
4614,Ouest,34,2.0,2016,5.0,0,55449
4615,Sud,62,3.0,2006,3.0,1,153537
4616,Ouest,85,2.0,1973,7.0,0,234390
4617,Nord,15,1.0,1959,8.0,1,33877
4618,Ouest,43,2.0,1986,9.0,1,133394
4619,Sud,57,2.0,1998,9.0,1,172277
4620,Sud,36,1.0,2005,7.0,1,133292
4621,Centre,47,2.0,200,4.0,0,137816
4622,Ouest,56,3.0,1990,8.0,1,132284
4623,Nord,62,1.0,2009,2.0,0,113593
4624,Ouest,82,2.0,2007,2.0,1,172100
4625,Ouest,76,2.0,1990,7.0,0,204712
4626,Sud,87,3.0,1964,8.0,0,282623
4627,Ouest,54,3.0,1953,8.0,0,140880
4628,Ouest,63,,1982,1.0,1,119672
4629,Ouest,50,2.0,2021,1.0,0,90623
4630,Centre,67,,2023,7.0,0,255981
4631,Nord,57,2.0,1983,10.0,0,170163
4632,Sud,49,2.0,2050,10.0,1,183646
4633,Nord,82,4.0,1950,3.0,1,162603
4634,Sud,74,2.0,1978,7.0,0,227736
4635,Sud,66,1.0,1954,9.0,0,230460
4636,Nord,57,2.0,2014,1.0,1,95255
4637,Nord,69,1.0,1974,7.0,1,174960
4638,Ouest,73,2.0,1998,8.0,0,500
4639,Nord,104,3.0,1971,9.0,0,277004
4640,Sud,88,2.0,1996,4.0,1,229602
4641,Sud,47,1.0,2017,8.0,1,143355
4642,Sud,73,2.0,1963,9.0,1,274765
4643,Nord,20,1.0,1980,9.0,1,48824
4644,Nord,56,2.0,2023,7.0,0,159926
4645,Centre,98,4.0,2010,,1,333079
4646,Ouest,24,2.0,1975,2.0,0,43517
4647,Ouest,97,4.0,1992,5.0,0,248623
4648,Ouest,60,2.0,1993,6.0,1,129650
4649,Sud,62,2.0,2019,6.0,1,173390
4650,Centre,66,3.0,1956,8.0,0,246228
4651,Centre,49,1.0,1995,10.0,0,229243
4652,Nord,59,1.0,1967,5.0,0,131117
4653,Centre,61,2.0,1988,10.0,0,247143
4654,Nord,91,4.0,1965,10.0,0,238580
4655,Nord,63,2.0,1955,3.0,1,110330
4656,Nord,83,2.0,2001,9.0,1,228377
4657,Sud,45,1.0,1969,10.0,1,167164
4658,Nord,76,3.0,2020,1.0,1,153217
4659,Sud,70,2.0,2017,,0,174927
4660,Centre,67,1.0,1975,5.0,0,226699
4661,Centre,60,2.0,1954,6.0,1,215916
4662,Sud,23,1.0,2021,8.0,1,81633
4663,Centre,31,1.0,1966,9.0,1,143571
4664,Centre,54,2.0,2013,5.0,0,198381
4665,Sud,83,4.0,2020,3.0,1,218222
4666,Centre,93,2.0,1962,5.0,0,351467
4667,Sud,107,3.0,2000,8.0,0,342473
4668,Nord,84,2.0,2001,8.0,1,198560
4669,Centre,74,1.0,1967,1.0,0,212840
4670,Centre,80,2.0,1965,1.0,1,230268
4671,Sud,15,2.0,1971,2.0,1,39278
4672,Ouest,51,3.0,1978,7.0,1,117185
4673,Nord,53,3.0,2001,7.0,1,99747
4674,Centre,86,2.0,1968,2.0,0,263921
4675,Ouest,78,4.0,1990,4.0,1,198841
4676,Ouest,77,2.0,2021,3.0,0,150831
4677,Nord,29,2.0,1961,,0,78876
4678,Centre,60,2.0,2017,8.0,0,223853
4679,Sud,47,2.0,1982,9.0,0,152473
4680,Sud,60,1.0,1959,7.0,1,191920
4681,Nord,88,4.0,1976,,0,220013
4682,Sud,81,3.0,1950,8.0,1,284067
4683,Sud,34,2.0,1971,2.0,0,85372
4684,Nord,41,2.0,1964,10.0,0,96827
4685,Centre,46,1.0,1984,5.0,0,180377
4686,Ouest,103,5.0,2020,9.0,1,318705
4687,Centre,58,1.0,2006,6.0,1,191777
4688,Nord,52,3.0,1992,6.0,1,112160
4689,Ouest,107,3.0,2014,8.0,0,301910
4690,Nord,86,4.0,2021,6.0,1,177855
4691,Nord,109,4.0,2018,1.0,0,192392
4692,Nord,90,4.0,2016,3.0,1,184727
4693,Nord,70,1.0,1964,1.0,0,120129
4694,Ouest,73,2.0,1979,2.0,0,141879
4695,Sud,21,1.0,2006,1.0,1,41640
4696,Sud,86,4.0,1989,9.0,1,276488
4697,Centre,95,3.0,1994,3.0,1,279497
4698,Centre,87,4.0,2022,2.0,1,277753
4699,Ouest,84,2.0,2002,4.0,1,229873
4700,Nord,72,1.0,1989,2.0,1,149648
4701,Nord,112,4.0,2010,7.0,1,263079
4702,Centre,70,2.0,1959,5.0,1,234137
4703,Centre,40,1.0,1957,6.0,1,171219
4704,Ouest,48,1.0,1968,8.0,0,135037
4705,Nord,49,1.0,1952,10.0,1,148600
4706,Ouest,31,1.0,2016,9.0,0,88651
4707,Sud,60,1.0,2001,8.0,1,187780
4708,Sud,71,3.0,2016,2.0,1,151705
4709,Sud,89,2.0,2005,2.0,0,224519
4710,Sud,103,3.0,1985,1.0,0,215210
4711,Nord,84,4.0,1950,10.0,1,239302
4712,Sud,93,4.0,2001,8.0,1,295461
4713,Nord,35,2.0,1955,6.0,1,65154
4714,Centre,65,1.0,1973,3.0,1,204939
4715,Sud,33,1.0,1967,6.0,1,83901
4716,Ouest,48,2.0,1950,9.0,1,142623
4717,Ouest,67,2.0,1951,1.0,1,137875
4718,Sud,68,1.0,2004,1.0,1,152719
4719,Sud,94,3.0,2009,6.0,0,259413
4720,Ouest,80,3.0,1959,5.0,0,180723
4721,Nord,87,,1952,6.0,0,203479
4722,Ouest,63,2.0,2012,2.0,0,132406
4723,Nord,131,4.0,1984,4.0,0,279066
4724,Sud,84,2.0,1985,8.0,0,265288
4725,Ouest,64,3.0,2011,6.0,1,180244
4726,Ouest,90,2.0,2009,2.0,1,180685
4727,Nord,53,3.0,1953,5.0,0,101333
4728,Sud,71,1.0,1995,3.0,1,182541
4729,Sud,87,3.0,2016,,1,181596
4730,Ouest,23,1.0,1994,6.0,0,52555
4731,Ouest,89,3.0,1950,1.0,0,164363
4732,Sud,61,1.0,1956,4.0,0,152674
4733,Sud,86,4.0,1960,8.0,1,294810
4734,Nord,80,4.0,2019,4.0,0,128776
4735,Ouest,71,3.0,2007,10.0,0,225472
4736,Nord,36,1.0,1962,1.0,0,72167
4737,Sud,57,3.0,2011,1.0,0,135515
4738,Centre,63,3.0,1980,2.0,1,194773
4739,Centre,92,2.0,1981,3.0,0,293642
4740,Centre,97,,1978,9.0,0,406475
4741,Centre,78,3.0,1990,1.0,0,222199
4742,Centre,89,4.0,1976,8.0,1,341078
4743,Centre,96,4.0,1989,6.0,1,380406
4744,Sud,87,4.0,2017,1.0,1,198694
4745,Nord,42,2.0,1989,3.0,0,64923
4746,Sud,69,3.0,1953,10.0,0,244220
4747,Nord,37,2.0,2004,7.0,0,101523
4748,Nord,46,1.0,1972,6.0,1,106187
4749,Ouest,57,2.0,2018,3.0,1,122799
4750,Nord,94,4.0,2011,2.0,0,169701
4751,Ouest,130,5.0,1981,5.0,1,343268
4752,Sud,76,4.0,1973,4.0,0,200844
4753,Ouest,89,2.0,2006,4.0,1,222802
4754,Nord,73,3.0,1951,4.0,1,152490
4755,Sud,95,2.0,1998,10.0,0,336580
4756,Ouest,101,3.0,1966,,0,221268
4757,Nord,50,1.0,1960,5.0,1,105451
4758,Sud,91,2.0,2017,9.0,1,300724
4759,Ouest,89,3.0,1997,7.0,0,249588
4760,Nord,80,2.0,1991,5.0,0,191741
4761,Nord,57,1.0,1976,10.0,1,175161
4762,Nord,37,2.0,1993,10.0,1,86253
4763,Centre,66,1.0,2009,10.0,0,286506
4764,Ouest,34,2.0,1972,,1,99366
4765,Nord,37,1.0,2019,2.0,0,49694
4766,Sud,117,5.0,1962,6.0,0,333698
4767,Sud,81,3.0,1961,4.0,0,198713
4768,Centre,84,,2005,8.0,1,352198
4769,Ouest,46,1.0,2014,6.0,1,123167
4770,Ouest,86,3.0,1998,5.0,0,233892
4771,Ouest,74,3.0,2019,4.0,1,185520
4772,Sud,51,3.0,1965,7.0,0,167171
4773,Ouest,78,3.0,2050,8.0,0,226219
4774,Centre,68,3.0,2015,10.0,1,308027
4775,Nord,15,1.0,1995,6.0,0,43867
4776,Centre,77,4.0,2008,4.0,1,234166
4777,Centre,30,1.0,1987,5.0,1,119224
4778,Ouest,15,1.0,1998,7.0,1,29886
4779,Ouest,49,2.0,1992,9.0,0,115787
4780,Nord,64,3.0,2001,7.0,1,146652
4781,Sud,67,3.0,1974,9.0,0,235113
4782,Sud,104,3.0,1986,5.0,1,286396
4783,Ouest,56,3.0,1976,10.0,1,193219
4784,Ouest,105,5.0,1978,9.0,0,307387
4785,Nord,70,1.0,1996,1.0,1,127744
4786,Nord,50,3.0,1984,6.0,0,113625
4787,Centre,55,1.0,2014,2.0,0,165819
4788,Centre,29,2.0,1971,7.0,1,115505
4789,Sud,26,1.0,1955,2.0,0,52630
4790,Centre,72,2.0,1977,4.0,1,225548
4791,Nord,66,1.0,2011,3.0,0,129252
4792,Centre,84,2.0,1987,10.0,1,391326
4793,Sud,88,4.0,2008,9.0,1,296910
4794,Nord,110,3.0,1995,10.0,1,314422
4795,Sud,39,1.0,1964,5.0,1,82937
4796,Centre,109,4.0,2005,1.0,0,304005
4797,Centre,71,2.0,2009,10.0,1,282222
4798,Nord,73,3.0,1981,2.0,1,136602
4799,Sud,123,,1951,8.0,0,390416
4800,Centre,75,4.0,2014,4.0,1,229929
4801,Sud,74,1.0,1953,3.0,1,172334
4802,Nord,69,1.0,2012,5.0,1,173724
4803,Nord,53,1.0,2016,3.0,0,120321
4804,Nord,100,4.0,1951,8.0,0,272240
4805,Sud,46,2.0,2050,5.0,1,89579
4806,Ouest,76,2.0,2006,3.0,1,174941
4807,Sud,108,4.0,1952,2.0,1,258912
4808,Centre,63,3.0,1956,3.0,0,198628
4809,Centre,54,2.0,1998,9.0,0,246780
4810,Ouest,68,1.0,1993,1.0,1,151162
4811,Nord,46,1.0,2006,10.0,1,124092
4812,Centre,90,3.0,2006,7.0,1,347048
4813,Ouest,41,2.0,1951,8.0,0,107901
4814,Nord,64,1.0,1989,1.0,1,112586
4815,Nord,79,3.0,1988,,0,234557
4816,Ouest,109,5.0,1976,1.0,1,226260
4817,Centre,15,,2022,10.0,1,66180
4818,Ouest,47,,2000,10.0,1,143963
4819,Nord,64,2.0,2023,9.0,1,168444
4820,Ouest,84,3.0,2021,10.0,0,281241
4821,Sud,62,2.0,1954,6.0,1,192757
4822,Sud,90,4.0,2006,8.0,1,267958
4823,Sud,79,3.0,1994,7.0,1,233995
4824,Nord,87,2.0,1978,,1,161005
4825,Sud,50,2.0,2017,7.0,0,156244
4826,Nord,86,4.0,1952,10.0,1,226682
4827,Sud,71,1.0,2003,6.0,1,212734
4828,Ouest,88,3.0,2020,,1,173452
4829,Nord,15,2.0,1966,7.0,1,50552
4830,Ouest,78,2.0,1970,9.0,1,237801
4831,Ouest,47,1.0,1964,9.0,1,133836
4832,Centre,85,2.0,1968,,1,231135
4833,Centre,56,1.0,1993,4.0,1,187744
4834,Centre,99,3.0,1980,1.0,0,239389
4835,Sud,111,4.0,2020,5.0,0,311803
4836,Centre,80,2.0,1987,10.0,1,348419
4837,Centre,96,3.0,1957,9.0,0,427244
4838,Sud,58,1.0,1952,2.0,1,145216
4839,Ouest,73,1.0,2019,2.0,0,149801
4840,Ouest,25,2.0,1951,7.0,0,57929
4841,Ouest,59,1.0,1953,2.0,0,130124
4842,Nord,96,3.0,1978,6.0,0,185925
4843,Centre,56,2.0,2015,8.0,0,223967
4844,Sud,72,2.0,2021,6.0,1,199640
4845,Nord,50,,2022,3.0,1,99476
4846,Sud,80,4.0,2008,4.0,0,193929
4847,Nord,97,2.0,1996,7.0,1,237087
4848,Nord,88,4.0,2017,,1,242044
4849,Sud,63,3.0,1978,5.0,1,166446
4850,Nord,32,1.0,1959,4.0,0,84202
4851,Nord,65,2.0,1966,9.0,0,169006
4852,Nord,54,2.0,1991,6.0,0,120143
4853,Nord,61,1.0,1991,8.0,1,147397
4854,Nord,38,2.0,1969,7.0,1,97973
4855,Sud,69,1.0,1968,8.0,1,222523
4856,Ouest,92,2.0,1976,3.0,1,225305
4857,Ouest,51,1.0,1962,6.0,0,155836
4858,Nord,27,2.0,2013,9.0,1,65902
4859,Sud,74,2.0,1999,3.0,1,166450
4860,Centre,75,4.0,1966,4.0,1,266457
4861,Sud,83,2.0,2009,9.0,0,296171
4862,Nord,24,1.0,1999,5.0,1,64186
4863,Centre,44,1.0,1986,1.0,0,117475
4864,Sud,69,2.0,2006,10.0,0,256894
4865,Ouest,72,3.0,1968,8.0,0,203108
4866,Sud,99,3.0,2022,4.0,1,252373
4867,Nord,36,2.0,1957,1.0,0,64581
4868,Centre,88,3.0,1999,1.0,0,238566
4869,Nord,67,3.0,1992,9.0,0,130262
4870,Centre,66,1.0,1982,6.0,0,255733
4871,Sud,68,2.0,2021,5.0,1,192964
4872,Nord,43,1.0,1973,2.0,0,95982
4873,Ouest,83,2.0,2018,7.0,1,202960
4874,Centre,104,4.0,1962,6.0,0,381885
4875,Ouest,64,1.0,1993,4.0,1,136366
4876,Ouest,77,4.0,1969,4.0,1,179787
4877,Nord,45,1.0,200,6.0,0,70262
4878,Sud,76,,2007,2.0,0,171596
4879,Sud,76,,2020,1.0,0,175397
4880,Ouest,107,5.0,1979,6.0,1,299003
4881,Nord,71,1.0,1987,10.0,1,177212
4882,Sud,30,1.0,1991,3.0,0,73711
4883,Centre,69,2.0,1951,10.0,0,303035
4884,Centre,62,2.0,1999,5.0,0,236641
4885,Centre,77,3.0,1960,6.0,0,277570
4886,Nord,103,3.0,1954,1.0,0,162407
4887,Nord,90,4.0,2019,5.0,0,211573
4888,Ouest,51,3.0,1965,5.0,0,149648
4889,Ouest,42,2.0,1974,2.0,1,120143
4890,Ouest,47,2.0,1964,3.0,0,108448
4891,Nord,31,1.0,2005,6.0,0,88124
4892,Ouest,49,2.0,1985,2.0,0,75885
4893,Sud,69,3.0,1950,9.0,0,245085
4894,Centre,46,1.0,1978,2.0,1,142544
4895,Sud,37,1.0,2023,1.0,1,104045
4896,Centre,69,3.0,2000,3.0,0,224270
4897,Ouest,54,2.0,1990,,0,155188
4898,Sud,89,3.0,1998,3.0,1,234050
4899,Ouest,111,5.0,2022,8.0,0,303255
4900,Nord,72,1.0,1970,8.0,0,194770
4901,Ouest,65,3.0,1992,5.0,1,145322
4902,Centre,77,2.0,2007,8.0,1,273676
4903,Ouest,58,2.0,1956,9.0,1,169388
4904,Ouest,58,1.0,2022,5.0,1,138617
4905,Sud,108,3.0,2004,8.0,0,319400
4906,Centre,64,3.0,2017,1.0,0,185367
4907,Centre,73,3.0,1953,5.0,0,278225
4908,Centre,93,4.0,1953,1.0,1,247119
4909,Ouest,54,1.0,2005,1.0,0,73525
4910,Sud,67,2.0,2015,9.0,1,227120
4911,Ouest,114,3.0,1998,8.0,1,332506
4912,Nord,47,1.0,1995,10.0,0,157815
4913,Sud,83,2.0,2016,,0,282623
4914,Centre,87,2.0,2005,8.0,1,379739
4915,Nord,59,2.0,1967,2.0,0,126954
4916,Sud,97,4.0,2017,3.0,0,245162
4917,Nord,76,4.0,1982,,0,162890
4918,Centre,105,4.0,1990,1.0,1,280488
4919,Sud,61,1.0,1990,1.0,1,138509
4920,Sud,50,3.0,1968,7.0,1,145706
4921,Centre,120,3.0,1967,5.0,0,430815
4922,Nord,49,1.0,1966,8.0,0,146297
4923,Sud,101,5.0,2050,6.0,1,314129
4924,Sud,43,1.0,1966,3.0,1,128131
4925,Centre,67,2.0,2021,3.0,0,200591
4926,Centre,75,4.0,1999,6.0,0,250269
4927,Ouest,115,4.0,1950,4.0,1,281820
4928,Ouest,37,1.0,1976,7.0,0,83316
4929,Nord,32,2.0,2001,1.0,1,33495
4930,Sud,73,3.0,1953,5.0,0,196578
4931,Nord,23,2.0,2008,5.0,1,28307
4932,Sud,65,1.0,1970,8.0,0,204702
4933,Nord,73,1.0,1989,6.0,1,156446
4934,Ouest,84,2.0,1970,,1,186147
4935,Nord,81,4.0,1959,10.0,0,219850
4936,Nord,66,2.0,1995,6.0,0,151279
4937,Sud,36,1.0,1961,,1,95949
4938,Centre,65,3.0,2000,5.0,0,234089
4939,Sud,87,3.0,2011,10.0,1,500
4940,Sud,15,1.0,1950,9.0,1,40968
4941,Centre,81,2.0,1960,5.0,1,275604
4942,Ouest,46,1.0,1975,9.0,1,127457
4943,Centre,71,2.0,1972,1.0,0,188369
4944,Nord,92,4.0,1970,,1,210751
4945,Centre,78,3.0,2010,4.0,1,247552
4946,Sud,92,4.0,2021,10.0,0,309095
4947,Ouest,83,2.0,2011,,0,236937
4948,Sud,62,2.0,2008,1.0,0,145639
4949,Sud,86,4.0,1979,,1,303597
4950,Sud,84,2.0,1983,4.0,0,223133
4951,Ouest,54,1.0,1980,1.0,0,126397
4952,Sud,66,2.0,1959,10.0,1,241673
4953,Nord,65,,1987,8.0,0,171265
4954,Centre,105,4.0,1955,7.0,0,380108
4955,Centre,73,1.0,2019,7.0,1,270608
4956,Centre,46,1.0,2003,5.0,0,157882
4957,Nord,78,2.0,2001,5.0,0,188638
4958,Ouest,119,3.0,1992,10.0,1,360735
4959,Centre,108,3.0,2009,3.0,1,329033
4960,Nord,47,2.0,1975,5.0,0,86557
4961,Nord,34,1.0,1960,1.0,1,59899
4962,Sud,87,4.0,2014,4.0,0,251953
4963,Sud,51,3.0,1955,3.0,0,137510
4964,Centre,100,5.0,2022,,0,367083
4965,Centre,74,3.0,1988,9.0,1,313692
4966,Centre,58,3.0,2008,8.0,1,247288
4967,Ouest,51,3.0,1985,4.0,0,144575
4968,Nord,15,1.0,1998,3.0,0,63564
4969,Sud,40,1.0,1992,7.0,0,132309
4970,Sud,28,1.0,1981,9.0,1,81910
4971,Nord,113,3.0,1981,5.0,0,247305
4972,Nord,87,2.0,1968,5.0,1,192109
4973,Ouest,86,3.0,2017,9.0,0,254505
4974,Centre,50,1.0,2006,7.0,0,173152
4975,Sud,15,1.0,2007,6.0,0,31956
4976,Ouest,69,2.0,2014,,0,219339
4977,Sud,92,2.0,1974,4.0,1,287409
4978,Sud,82,4.0,1985,4.0,1,190506
4979,Centre,109,4.0,1958,3.0,0,325855
4980,Ouest,64,1.0,2005,7.0,1,176567
4981,Ouest,69,2.0,1979,4.0,0,188892
4982,Nord,73,3.0,2020,8.0,1,500
4983,Sud,49,1.0,2015,4.0,0,107512
4984,Ouest,34,2.0,1960,9.0,1,105753
4985,Ouest,79,4.0,1969,8.0,0,229201
4986,Sud,97,3.0,1998,1.0,1,215236
4987,Centre,49,1.0,1981,,0,201197
4988,Sud,74,2.0,1979,2.0,0,187745
4989,Sud,74,1.0,1984,2.0,0,167852
4990,Ouest,79,4.0,2008,8.0,0,227195
4991,Ouest,59,3.0,1991,,1,196297
4992,Centre,37,1.0,2018,3.0,0,128331
4993,Nord,66,2.0,2016,7.0,0,144162
4994,Sud,87,4.0,1963,7.0,0,267857
4995,Nord,115,5.0,1997,6.0,1,268326
4996,Sud,52,1.0,2001,10.0,1,159795
4997,Centre,91,4.0,1958,9.0,0,358636
4998,Nord,85,2.0,1982,8.0,1,203737
4999,Sud,87,2.0,2000,1.0,1,187864
5000,Centre,86,2.0,1965,4.0,0,283236
5001,Nord,46,2.0,1965,2.0,0,65640
5002,Centre,69,1.0,1955,4.0,1,217633
5003,Sud,81,3.0,2014,1.0,1,179804
5004,Centre,114,4.0,1954,6.0,0,420917
5005,Centre,102,5.0,1951,1.0,1,267695
5006,Sud,41,2.0,2006,10.0,1,129413
5007,Ouest,50,3.0,1968,8.0,1,136949
5008,Centre,67,2.0,1982,1.0,0,191919
5009,Nord,47,2.0,1969,8.0,0,116551
5010,Centre,43,1.0,1998,1.0,1,124769
5011,Centre,61,2.0,2019,2.0,1,187452
5012,Nord,84,3.0,2005,,0,164816
5013,Ouest,55,2.0,1971,8.0,1,170771
5014,Nord,100,4.0,2002,9.0,0,234098
5015,Ouest,23,1.0,1987,2.0,1,45544
5016,Sud,110,3.0,1971,,1,302752
5017,Ouest,35,1.0,1968,2.0,0,97915
5018,Nord,53,1.0,1984,6.0,0,144016
5019,Sud,61,,2008,3.0,1,175196
5020,Sud,88,3.0,2012,1.0,1,191563
5021,Nord,26,1.0,1955,6.0,0,58995
5022,Ouest,109,4.0,1996,7.0,0,316501
5023,Sud,25,1.0,1999,7.0,1,61009
5024,Nord,58,2.0,1975,6.0,1,128600
5025,Sud,34,1.0,1978,3.0,1,91669
5026,Sud,84,3.0,1998,9.0,1,263784
5027,Ouest,42,1.0,1958,4.0,1,108129
5028,Sud,52,1.0,1966,6.0,0,162712
5029,Sud,84,2.0,1982,8.0,0,296634
5030,Centre,78,3.0,1966,2.0,0,245501
5031,Sud,42,2.0,1981,2.0,0,111923
5032,Sud,79,2.0,1994,9.0,1,258124
5033,Sud,97,3.0,1970,4.0,1,262442
5034,Centre,51,3.0,1996,3.0,1,172108
5035,Nord,107,3.0,1991,5.0,0,239737
5036,Ouest,73,2.0,2007,8.0,1,243275
5037,Ouest,58,3.0,1956,9.0,1,139756
5038,Sud,63,2.0,1983,6.0,1,175444
5039,Nord,106,,1987,10.0,1,295494
5040,Centre,80,3.0,2020,3.0,0,273621
5041,Centre,61,1.0,2001,10.0,0,277725
5042,Nord,92,2.0,1957,1.0,1,500
5043,Centre,86,4.0,1983,3.0,0,260696
5044,Sud,96,4.0,1950,1.0,0,204475
5045,Centre,87,2.0,2020,2.0,0,257981
5046,Centre,81,4.0,1984,4.0,0,258632
5047,Sud,46,1.0,2019,,1,119138
5048,Ouest,91,2.0,1975,10.0,1,303421
5049,Nord,87,3.0,2018,9.0,0,212953
5050,Centre,53,3.0,1999,9.0,1,212931
5051,Centre,85,2.0,1969,9.0,0,352903
5052,Ouest,69,2.0,1982,3.0,1,161355
5053,Ouest,83,4.0,1973,4.0,0,200380
5054,Centre,80,2.0,2007,3.0,1,232843
5055,Sud,117,5.0,1993,9.0,1,390849
5056,Centre,99,2.0,1971,2.0,0,267462
5057,Centre,39,1.0,2020,3.0,0,117967
5058,Nord,77,4.0,1952,7.0,1,180590
5059,Ouest,64,3.0,1974,3.0,1,152146
5060,Centre,128,5.0,1974,10.0,0,559361
5061,Nord,59,1.0,2008,3.0,1,118868
5062,Ouest,73,2.0,2005,4.0,0,190632
5063,Sud,117,4.0,1970,9.0,0,398070
5064,Centre,73,1.0,1985,5.0,1,273724
5065,Sud,87,3.0,1985,5.0,0,227858
5066,Nord,112,5.0,2006,10.0,0,284138
5067,Centre,61,2.0,1999,1.0,1,193642
5068,Nord,61,3.0,2001,1.0,0,100833
5069,Sud,81,4.0,1994,1.0,1,183841
5070,Ouest,88,2.0,1955,3.0,0,224687
5071,Nord,47,1.0,1990,1.0,1,84583
5072,Centre,94,3.0,1973,6.0,1,336134
5073,Nord,66,3.0,1961,2.0,1,125517
5074,Sud,87,2.0,1962,3.0,1,223985
5075,Ouest,107,3.0,2050,1.0,1,215699
5076,Ouest,120,3.0,1989,7.0,0,349901
5077,Sud,127,4.0,1972,9.0,0,427802
5078,Sud,89,4.0,1950,3.0,0,240220
5079,Sud,105,3.0,1996,2.0,1,255087
5080,Nord,47,1.0,1988,2.0,0,84476
5081,Centre,43,1.0,2015,9.0,0,185068
5082,Centre,70,2.0,1972,9.0,0,304093
5083,Ouest,68,3.0,1957,7.0,0,180594
5084,Sud,91,3.0,1958,2.0,1,214093
5085,Ouest,60,1.0,1997,1.0,1,143080
5086,Nord,46,1.0,1992,10.0,1,164930
5087,Nord,80,2.0,1989,10.0,1,215724
5088,Centre,85,4.0,1988,7.0,0,325911
5089,Ouest,64,1.0,1977,2.0,0,158029
5090,Sud,48,1.0,1950,9.0,1,179323
5091,Nord,118,5.0,1992,8.0,0,300637
5092,Sud,74,3.0,2000,6.0,0,197145
5093,Sud,69,3.0,1980,2.0,1,145080
5094,Ouest,56,1.0,1997,4.0,1,159445
5095,Sud,52,1.0,2010,6.0,0,151712
5096,Ouest,111,5.0,1961,,1,264256
5097,Sud,67,3.0,1960,8.0,1,206129
5098,Sud,38,1.0,2000,5.0,1,93791
5099,Nord,59,2.0,2011,,1,88273
5100,Ouest,88,2.0,1983,7.0,1,237033
5101,Sud,97,3.0,1981,5.0,1,261191
5102,Ouest,77,4.0,1956,5.0,0,192815
5103,Nord,76,3.0,1972,4.0,1,167899
5104,Sud,80,3.0,1987,2.0,0,156572
5105,Nord,104,3.0,1989,3.0,1,210423
5106,Nord,45,1.0,2013,8.0,1,107883
5107,Ouest,56,2.0,1985,1.0,1,89518
5108,Nord,52,3.0,1991,3.0,1,118539
5109,Centre,35,2.0,2019,5.0,0,125090
5110,Ouest,73,1.0,1977,3.0,0,171017
5111,Ouest,68,1.0,1951,8.0,1,173162
5112,Nord,78,3.0,2002,6.0,1,176392
5113,Sud,98,2.0,1969,4.0,0,266642
5114,Sud,64,1.0,1976,2.0,1,167692
5115,Nord,37,1.0,1960,1.0,0,45245
5116,Nord,87,2.0,1956,6.0,0,197853
5117,Sud,82,4.0,2010,6.0,1,238114
5118,Centre,59,3.0,2017,6.0,1,203092
5119,Nord,15,1.0,1979,2.0,1,22891
5120,Sud,71,1.0,1968,3.0,0,180078
5121,Centre,109,5.0,1987,10.0,0,502039
5122,Centre,41,2.0,2017,9.0,0,206292
5123,Centre,100,3.0,1971,6.0,0,356929
5124,Sud,100,5.0,1972,7.0,0,307289
5125,Sud,58,2.0,1985,7.0,0,210898
5126,Ouest,69,1.0,1999,10.0,0,192750
5127,Nord,100,,2003,5.0,0,229919
5128,Ouest,15,1.0,1984,7.0,1,32739
5129,Centre,93,2.0,1963,2.0,1,283653
5130,Centre,61,3.0,1980,3.0,0,207035
5131,Centre,40,1.0,1995,7.0,1,149756
5132,Centre,86,,1981,2.0,0,241492
5133,Nord,82,4.0,1976,9.0,1,232087
5134,Nord,52,1.0,2004,6.0,0,125424
5135,Nord,38,2.0,1952,5.0,1,60808
5136,Ouest,74,1.0,2050,4.0,1,175327
5137,Centre,103,5.0,1986,6.0,0,379340
5138,Ouest,73,3.0,1976,2.0,0,151478
5139,Sud,67,2.0,1986,6.0,0,153889
5140,Sud,77,4.0,1972,8.0,0,247385
5141,Ouest,118,3.0,2004,6.0,0,299945
5142,Sud,36,1.0,1957,10.0,1,133935
5143,Nord,98,2.0,2019,10.0,0,243716
5144,Centre,142,5.0,2004,9.0,1,603028
5145,Ouest,74,3.0,1964,,1,193280
5146,Ouest,76,3.0,1993,3.0,1,181235
5147,Ouest,47,2.0,2005,7.0,0,121813
5148,Ouest,59,3.0,1965,5.0,0,123106
5149,Sud,90,2.0,2004,8.0,1,297482
5150,Centre,15,1.0,200,4.0,1,54113
5151,Ouest,50,2.0,1958,3.0,1,137484
5152,Centre,110,3.0,2020,9.0,0,474271
5153,Nord,43,1.0,1981,8.0,1,106709
5154,Centre,67,2.0,2011,10.0,1,280592
5155,Ouest,28,1.0,2017,7.0,1,69283
5156,Centre,110,3.0,1969,8.0,0,448498
5157,Ouest,91,2.0,2023,9.0,0,257543
5158,Sud,78,4.0,2001,8.0,0,239123
5159,Nord,87,4.0,1955,,0,165033
5160,Centre,85,2.0,2014,3.0,0,262865
5161,Nord,93,2.0,1964,6.0,0,233113
5162,Ouest,66,1.0,2000,6.0,1,181776
5163,Ouest,57,2.0,1954,7.0,1,192280
5164,Nord,108,4.0,2008,4.0,1,213355
5165,Nord,96,3.0,1984,2.0,1,182861
5166,Nord,99,3.0,1964,5.0,1,228845
5167,Nord,96,2.0,1978,7.0,1,268282
5168,Nord,32,1.0,1956,7.0,1,57583
5169,Sud,104,4.0,1950,6.0,1,306439
5170,Sud,90,2.0,2017,6.0,0,263633
5171,Centre,54,3.0,1970,5.0,0,195313
5172,Centre,74,2.0,2020,6.0,0,252753
5173,Centre,43,1.0,1994,7.0,1,149857
5174,Sud,78,3.0,1972,2.0,1,223477
5175,Nord,50,1.0,2002,10.0,1,109925
5176,Centre,71,3.0,2011,10.0,0,299339
5177,Ouest,70,2.0,1986,4.0,1,169682
5178,Centre,30,1.0,2004,6.0,0,120325
5179,Nord,77,2.0,2018,1.0,1,176674
5180,Nord,67,2.0,1954,1.0,1,105023
5181,Sud,64,3.0,2014,4.0,1,150489
5182,Sud,63,1.0,1962,5.0,0,187524
5183,Nord,110,5.0,1983,5.0,0,225138
5184,Centre,87,,1975,6.0,1,314504
5185,Ouest,138,5.0,1956,2.0,0,303464
5186,Nord,51,2.0,1965,1.0,1,72420
5187,Centre,37,1.0,1995,,1,163412
5188,Centre,73,2.0,1963,2.0,0,242160
5189,Centre,73,1.0,2006,6.0,1,270534
5190,Nord,46,1.0,2003,10.0,0,104720
5191,Centre,68,3.0,1958,8.0,0,279445
5192,Nord,101,5.0,1981,7.0,0,223911
5193,Sud,97,2.0,2014,7.0,0,277027
5194,Nord,124,4.0,1987,4.0,1,260314
5195,Ouest,29,1.0,1977,2.0,1,47439
5196,Nord,32,2.0,1997,3.0,1,62090
5197,Ouest,94,4.0,1951,2.0,0,213779
5198,Ouest,92,3.0,1994,9.0,0,241807
5199,Sud,75,3.0,1964,6.0,1,235876
5200,Centre,36,2.0,1973,7.0,0,127905
5201,Ouest,81,3.0,2020,7.0,0,215199
5202,Sud,82,2.0,1964,1.0,1,167917
5203,Nord,77,3.0,1986,4.0,0,170480
5204,Sud,33,1.0,1995,1.0,0,48181
5205,Centre,85,,1953,10.0,1,385048
5206,Centre,66,1.0,1995,8.0,1,272593
5207,Centre,69,,2017,2.0,0,211830
5208,Nord,83,3.0,1975,,0,192248
5209,Nord,51,1.0,2006,10.0,0,141712
5210,Ouest,16,1.0,2002,1.0,1,54812
5211,Ouest,32,1.0,2017,6.0,0,84726
5212,Nord,94,,1966,,1,289454
5213,Centre,21,1.0,1978,4.0,0,62338
5214,Ouest,50,3.0,1961,3.0,0,84133
5215,Centre,88,4.0,1953,6.0,1,301726
5216,Ouest,66,1.0,2007,8.0,1,500
5217,Sud,94,4.0,1958,3.0,0,242963
5218,Ouest,61,3.0,2011,10.0,1,201803
5219,Centre,69,3.0,1980,8.0,0,286531
5220,Sud,18,1.0,1980,9.0,1,73518
5221,Ouest,69,2.0,1996,3.0,0,172898
5222,Ouest,130,5.0,1962,8.0,0,382306
5223,Sud,15,2.0,1993,3.0,1,30970
5224,Nord,69,3.0,1959,2.0,1,116394
5225,Nord,50,2.0,2023,,1,120665
5226,Nord,113,3.0,1985,8.0,1,295654
5227,Centre,55,1.0,2014,10.0,0,254916
5228,Nord,81,4.0,1962,8.0,1,201480
5229,Nord,61,2.0,1971,1.0,0,101142
5230,Centre,32,1.0,1971,2.0,1,88610
5231,Ouest,93,2.0,2018,3.0,1,178241
5232,Ouest,27,1.0,1954,3.0,1,81785
5233,Centre,90,2.0,1972,8.0,0,378057
5234,Sud,79,2.0,1951,4.0,0,233512
5235,Nord,129,4.0,1986,6.0,0,306893
5236,Nord,62,1.0,2002,6.0,0,139308
5237,Sud,78,4.0,1981,1.0,1,181532
5238,Nord,38,1.0,1952,9.0,0,92043
5239,Sud,39,1.0,1960,4.0,0,87244
5240,Sud,60,3.0,1961,5.0,0,172776
5241,Ouest,109,4.0,1965,7.0,1,290968
5242,Sud,50,3.0,1988,6.0,0,153137
5243,Ouest,35,1.0,2012,6.0,1,75322
5244,Sud,72,3.0,1994,7.0,1,230240
5245,Nord,84,2.0,2019,5.0,1,166619
5246,Ouest,79,4.0,1989,3.0,1,174854
5247,Ouest,85,3.0,2002,7.0,0,242740
5248,Sud,91,3.0,1962,,1,303507
5249,Sud,54,2.0,2013,2.0,0,117514
5250,Ouest,77,2.0,1998,4.0,0,207833
5251,Centre,86,3.0,1984,1.0,1,257011
5252,Nord,30,1.0,1963,,1,41687
5253,Centre,45,2.0,1971,9.0,0,216929
5254,Ouest,53,2.0,1978,1.0,1,86194
5255,Ouest,98,2.0,2017,5.0,0,233704
5256,Nord,98,3.0,1951,1.0,0,177908
5257,Nord,45,1.0,1980,8.0,1,119964
5258,Nord,55,3.0,2017,6.0,0,150564
5259,Ouest,69,1.0,2022,10.0,1,202839
5260,Sud,85,2.0,1998,7.0,0,262678
5261,Nord,69,2.0,1978,6.0,0,140986
5262,Ouest,108,4.0,1957,9.0,0,346555
5263,Ouest,61,3.0,1977,10.0,0,175922
5264,Ouest,113,3.0,2001,3.0,1,242242
5265,Nord,76,2.0,1950,7.0,0,198312
5266,Ouest,92,4.0,1986,3.0,0,197026
5267,Ouest,123,5.0,1982,8.0,0,362309
5268,Sud,63,3.0,1961,4.0,0,198547
5269,Sud,96,4.0,1985,5.0,0,244894
5270,Ouest,43,2.0,1976,8.0,1,130689
5271,Centre,59,3.0,1953,2.0,0,166247
5272,Nord,70,1.0,1954,4.0,0,133778
5273,Sud,64,2.0,1991,2.0,1,158428
5274,Centre,93,2.0,2002,8.0,0,396662
5275,Centre,74,3.0,1956,7.0,0,265185
5276,Centre,15,1.0,2007,6.0,0,26657
5277,Centre,92,3.0,1994,5.0,0,318516
5278,Ouest,84,2.0,1998,7.0,1,211394
5279,Centre,51,2.0,2011,8.0,1,182298
5280,Nord,68,3.0,2002,6.0,1,153177
5281,Ouest,79,3.0,1986,2.0,1,167591
5282,Sud,69,2.0,2003,4.0,0,174234
5283,Nord,64,1.0,1962,3.0,0,102784
5284,Nord,68,1.0,2003,2.0,1,119215
5285,Centre,93,4.0,2008,2.0,0,306103
5286,Ouest,82,2.0,2018,3.0,0,176260
5287,Ouest,82,2.0,1955,1.0,1,125038
5288,Sud,32,2.0,1986,4.0,0,100885
5289,Ouest,59,2.0,1953,10.0,0,168904
5290,Sud,56,2.0,1950,1.0,0,120654
5291,Centre,47,2.0,1957,9.0,1,198283
5292,Centre,90,2.0,1963,4.0,0,300217
5293,Sud,114,5.0,1981,6.0,1,330793
5294,Ouest,69,2.0,1975,5.0,1,186287
5295,Centre,76,4.0,2021,1.0,0,221549
5296,Sud,80,3.0,1981,6.0,1,211359
5297,Ouest,121,3.0,1995,6.0,1,324343
5298,Ouest,95,,1983,2.0,1,171481
5299,Centre,83,2.0,1961,6.0,1,275645
5300,Ouest,97,2.0,1980,1.0,0,196580
5301,Sud,59,1.0,1954,1.0,1,99972
5302,Nord,101,3.0,1954,,0,291841
5303,Centre,84,2.0,1998,9.0,0,347553
5304,Centre,46,2.0,2021,9.0,1,204457
5305,Sud,15,1.0,1989,2.0,1,34691
5306,Ouest,50,1.0,2012,8.0,1,134222
5307,Sud,79,2.0,1960,6.0,0,235590
5308,Nord,78,3.0,1973,3.0,1,156373
5309,Nord,59,3.0,2015,5.0,1,146579
5310,Sud,63,1.0,2016,3.0,1,168738
5311,Nord,53,1.0,2050,7.0,0,133813
5312,Sud,19,1.0,1976,,0,49511
5313,Nord,69,1.0,2018,7.0,1,170848
5314,Nord,86,2.0,1988,2.0,1,170225
5315,Ouest,90,3.0,1959,5.0,0,247023
5316,Sud,87,3.0,1953,1.0,1,190469
5317,Sud,102,4.0,2015,3.0,0,205499
5318,Centre,49,1.0,2014,10.0,1,212592
5319,Ouest,68,3.0,1968,2.0,1,126341
5320,Sud,82,,2012,7.0,0,230633
5321,Nord,105,4.0,1984,10.0,0,277240
5322,Sud,122,3.0,1985,7.0,0,382949
5323,Nord,15,1.0,1996,10.0,1,48415
5324,Ouest,58,1.0,1972,7.0,1,153478
5325,Ouest,44,1.0,2012,5.0,1,106772
5326,Ouest,51,2.0,1997,5.0,0,129141
5327,Sud,63,1.0,2019,5.0,0,153691
5328,Ouest,29,1.0,2018,9.0,1,106761
5329,Nord,54,2.0,1984,7.0,0,500
5330,Ouest,40,1.0,2009,10.0,1,132737
5331,Sud,119,3.0,1961,7.0,1,354547
5332,Ouest,76,3.0,1979,10.0,0,236627
5333,Sud,85,3.0,1998,1.0,0,192970
5334,Nord,93,2.0,1975,1.0,1,166125
5335,Sud,37,2.0,1969,9.0,1,137933
5336,Centre,108,5.0,1953,7.0,1,447358
5337,Ouest,78,2.0,1967,6.0,1,217801
5338,Centre,56,3.0,1979,6.0,1,195153
5339,Nord,133,6.0,1980,9.0,1,365151
5340,Centre,92,3.0,2020,6.0,0,347429
5341,Sud,74,1.0,2050,5.0,1,227220
5342,Sud,16,,1971,7.0,0,39551
5343,Sud,82,3.0,2009,4.0,1,237314
5344,Centre,60,2.0,2023,7.0,0,243680
5345,Sud,25,1.0,2001,4.0,1,69236
5346,Sud,54,1.0,1977,2.0,1,118821
5347,Nord,46,1.0,1970,7.0,1,83168
5348,Ouest,57,,2002,6.0,0,139501
5349,Nord,74,1.0,1978,5.0,0,180445
5350,Centre,99,2.0,1984,10.0,0,421751
5351,Ouest,49,1.0,1971,8.0,1,139041
5352,Ouest,115,5.0,1961,8.0,1,340288
5353,Nord,74,3.0,2015,7.0,0,185885
5354,Ouest,79,3.0,1991,6.0,0,204176
5355,Sud,80,3.0,2004,9.0,0,282451
5356,Nord,79,2.0,2022,10.0,1,229488
5357,Ouest,55,2.0,1950,4.0,1,122289
5358,Sud,47,1.0,1985,1.0,0,102077
5359,Nord,63,3.0,1969,6.0,1,156361
5360,Nord,65,2.0,1951,6.0,0,174241
5361,Sud,51,3.0,1998,7.0,0,201791
5362,Nord,75,3.0,2017,7.0,0,191118
5363,Nord,74,3.0,1962,9.0,1,194510
5364,Centre,41,1.0,1964,4.0,0,128179
5365,Sud,91,3.0,1994,7.0,1,274286
5366,Sud,38,1.0,1955,1.0,1,67195
5367,Sud,72,1.0,1977,10.0,1,248425
5368,Sud,36,1.0,2013,4.0,1,86460
5369,Nord,92,,1970,3.0,1,165138
5370,Nord,53,1.0,2019,5.0,1,115156
5371,Centre,76,2.0,1954,5.0,0,270899
5372,Nord,135,6.0,2023,7.0,0,335767
5373,Nord,56,2.0,1972,5.0,1,126457
5374,Nord,95,2.0,2012,8.0,0,271219
5375,Ouest,72,3.0,1950,3.0,1,183361
5376,Sud,51,3.0,1951,5.0,1,114492
5377,Centre,60,2.0,1995,1.0,0,176130
5378,Centre,84,3.0,2010,5.0,0,309994
5379,Ouest,63,3.0,1988,6.0,1,175782
5380,Centre,58,2.0,2016,1.0,1,141347
5381,Sud,39,2.0,1982,,0,141498
5382,Nord,52,1.0,2006,9.0,1,144301
5383,Centre,109,4.0,1972,2.0,0,315739
5384,Nord,90,2.0,1998,1.0,0,194089
5385,Sud,102,5.0,1997,4.0,1,246176
5386,Sud,78,2.0,1951,7.0,1,215607
5387,Sud,78,2.0,2022,10.0,0,255793
5388,Ouest,47,2.0,2000,1.0,0,85571
5389,Sud,38,1.0,2014,3.0,0,94421
5390,Centre,69,3.0,2012,3.0,0,184958
5391,Sud,65,1.0,2000,5.0,1,209526
5392,Centre,67,2.0,1973,2.0,1,202173
5393,Ouest,65,1.0,1991,1.0,1,112284
5394,Sud,55,1.0,1978,7.0,0,157583
5395,Nord,70,3.0,1954,6.0,0,173802
5396,Nord,82,4.0,1957,2.0,1,151758
5397,Nord,55,1.0,2016,7.0,0,151085
5398,Nord,75,,1984,9.0,1,202061
5399,Sud,62,2.0,1960,8.0,1,189900
5400,Sud,105,5.0,1998,10.0,1,376332
5401,Nord,81,2.0,1972,1.0,0,135795
5402,Ouest,118,3.0,2022,,1,373821
5403,Nord,109,3.0,1996,7.0,1,260319
5404,Ouest,75,4.0,1977,6.0,1,168395
5405,Sud,82,3.0,1964,4.0,0,204749
5406,Sud,83,4.0,1951,4.0,0,220419
5407,Nord,79,3.0,1961,9.0,1,197884
5408,Ouest,25,1.0,1988,2.0,0,63745
5409,Nord,82,2.0,1951,8.0,0,190285
5410,Centre,123,3.0,2004,8.0,1,517767
5411,Nord,51,1.0,2018,4.0,1,125728
5412,Sud,53,3.0,2003,,1,128575
5413,Sud,81,,1998,6.0,1,233829
5414,Nord,61,1.0,2013,9.0,0,176562
5415,Centre,96,3.0,2005,8.0,1,363324
5416,Nord,24,1.0,1988,5.0,1,48454
5417,Centre,82,3.0,1991,8.0,1,333258
5418,Sud,61,2.0,2015,5.0,1,166837
5419,Centre,62,3.0,2019,8.0,1,230642
5420,Ouest,75,3.0,1954,3.0,0,168236
5421,Centre,91,3.0,1958,8.0,0,365114
5422,Nord,105,4.0,1956,6.0,0,249287
5423,Centre,23,1.0,2020,5.0,1,56912
5424,Nord,75,3.0,2010,6.0,1,206017
5425,Centre,36,1.0,1957,3.0,0,123573
5426,Centre,103,5.0,2021,6.0,0,358423
5427,Centre,67,2.0,1960,10.0,1,299741
5428,Ouest,60,1.0,1962,10.0,0,186230
5429,Ouest,87,4.0,1954,5.0,1,217460
5430,Ouest,40,2.0,2016,5.0,1,101630
5431,Sud,86,2.0,1980,9.0,0,269265
5432,Sud,59,1.0,2009,1.0,1,157887
5433,Sud,23,2.0,2018,4.0,1,70140
5434,Ouest,47,2.0,1981,5.0,0,140264
5435,Sud,42,1.0,1977,2.0,0,107272
5436,Sud,17,1.0,1989,2.0,0,42521
5437,Sud,55,3.0,1984,4.0,1,134113
5438,Ouest,98,4.0,1981,8.0,0,262315
5439,Nord,118,3.0,2007,5.0,0,278229
5440,Ouest,76,3.0,1987,1.0,0,155382
5441,Sud,60,1.0,2016,5.0,0,172212
5442,Nord,65,2.0,1956,1.0,1,112106
5443,Sud,61,2.0,1950,3.0,0,136677
5444,Centre,101,5.0,1967,6.0,1,376627
5445,Centre,37,1.0,2002,3.0,0,105395
5446,Centre,79,4.0,2005,3.0,1,244679
5447,Nord,118,4.0,2010,7.0,1,272510
5448,Ouest,90,3.0,2020,3.0,0,197155
5449,Ouest,34,1.0,1955,2.0,1,84578
5450,Nord,62,3.0,2013,4.0,0,138357
5451,Sud,33,1.0,2023,2.0,0,108440
5452,Sud,41,1.0,1991,5.0,0,118973
5453,Ouest,66,3.0,1954,4.0,0,162435
5454,Nord,88,2.0,1954,2.0,1,181214
5455,Sud,90,4.0,2015,6.0,0,278580
5456,Nord,87,3.0,1952,7.0,1,212912
5457,Sud,99,2.0,1980,8.0,0,365866
5458,Centre,71,2.0,2020,8.0,1,295097
5459,Nord,59,3.0,2014,8.0,1,129767
5460,Sud,55,2.0,1978,10.0,0,189204
5461,Ouest,17,1.0,1992,6.0,0,14142
5462,Ouest,84,2.0,2019,4.0,1,228271
5463,Ouest,72,3.0,2050,1.0,0,137888
5464,Centre,75,2.0,1964,2.0,1,200974
5465,Sud,106,4.0,1989,,0,321818
5466,Nord,98,2.0,2017,7.0,1,236981
5467,Ouest,62,2.0,1955,4.0,0,132131
5468,Nord,72,1.0,1972,2.0,1,125418
5469,Ouest,47,1.0,2009,7.0,1,130403
5470,Sud,64,2.0,1994,4.0,0,164132
5471,Centre,63,3.0,1953,10.0,1,261242
5472,Nord,90,2.0,2023,8.0,1,239383
5473,Nord,78,2.0,2016,6.0,0,156949
5474,Sud,49,1.0,1978,3.0,0,116840
5475,Sud,91,2.0,2020,1.0,0,196404
5476,Nord,87,4.0,1982,10.0,1,246564
5477,Centre,82,4.0,2010,7.0,1,325239
5478,Centre,81,3.0,1959,1.0,1,243068
5479,Sud,95,2.0,2003,4.0,1,283190
5480,Sud,50,1.0,1977,6.0,1,179621
5481,Sud,75,4.0,1989,2.0,0,203973
5482,Sud,68,2.0,2011,3.0,1,139051
5483,Nord,60,2.0,2009,8.0,0,179919
5484,Sud,82,4.0,1979,,0,206239
5485,Ouest,49,1.0,2002,8.0,1,141637
5486,Centre,49,1.0,2005,8.0,1,190749
5487,Ouest,74,3.0,1959,7.0,1,188471
5488,Centre,75,2.0,1983,6.0,1,266487
5489,Centre,48,1.0,1983,8.0,0,168719
5490,Centre,87,3.0,1979,8.0,0,342438
5491,Centre,67,2.0,2009,,1,261397
5492,Nord,89,2.0,1950,9.0,1,236766
5493,Sud,72,3.0,2015,8.0,1,234749
5494,Nord,100,3.0,1961,1.0,0,169816
5495,Ouest,45,1.0,2010,4.0,1,121324
5496,Ouest,22,,1979,7.0,0,38097
5497,Nord,98,2.0,1981,9.0,1,266639
5498,Ouest,86,3.0,2000,2.0,0,165540
5499,Sud,69,1.0,1964,5.0,0,183116
5500,Nord,77,2.0,2016,3.0,1,174161
5501,Centre,91,3.0,1963,1.0,0,232332
5502,Ouest,40,1.0,1961,6.0,0,98782
5503,Sud,69,3.0,2011,4.0,1,165231
5504,Nord,120,5.0,2017,4.0,0,246687
5505,Centre,27,2.0,2015,7.0,1,120857
5506,Centre,101,3.0,1982,6.0,1,387098
5507,Ouest,56,1.0,1972,3.0,0,130484
5508,Ouest,99,4.0,2050,2.0,1,217547
5509,Sud,75,4.0,1975,8.0,0,235458
5510,Sud,64,1.0,2016,9.0,0,222365
5511,Nord,89,4.0,1963,10.0,1,237919
5512,Nord,58,,2012,4.0,1,127984
5513,Ouest,72,2.0,1954,1.0,0,129564
5514,Centre,90,2.0,1952,4.0,0,271431
5515,Nord,84,2.0,1962,9.0,0,226554
5516,Sud,55,3.0,1971,2.0,1,157974
5517,Nord,74,1.0,1955,10.0,0,206520
5518,Centre,81,3.0,2009,9.0,0,322474
5519,Centre,106,5.0,1971,5.0,1,355409
5520,Sud,101,5.0,1961,3.0,0,255644
5521,Centre,88,3.0,1982,2.0,1,279237
5522,Centre,87,3.0,2000,8.0,0,339288
5523,Centre,24,1.0,2002,9.0,0,106401
5524,Centre,97,2.0,1998,7.0,1,365198
5525,Sud,44,1.0,1971,5.0,0,120977
5526,Sud,119,5.0,1968,10.0,0,412327
5527,Centre,93,2.0,1959,6.0,0,341448
5528,Nord,43,1.0,2014,6.0,0,124016
5529,Ouest,33,1.0,1995,6.0,0,107845
5530,Centre,39,1.0,1991,4.0,0,108423
5531,Sud,73,2.0,1974,7.0,0,214460
5532,Sud,78,3.0,1983,,0,221012
5533,Ouest,68,2.0,1981,1.0,1,139319
5534,Ouest,66,1.0,2023,1.0,1,108244
5535,Ouest,101,5.0,1995,9.0,1,282727
5536,Nord,71,3.0,1987,3.0,0,122026
5537,Nord,36,2.0,1991,4.0,1,61442
5538,Centre,106,3.0,1986,2.0,1,317965
5539,Sud,27,1.0,2999,4.0,1,62919
5540,Nord,69,,1955,7.0,1,199855
5541,Centre,85,3.0,2020,7.0,0,332423
5542,Centre,84,3.0,1995,1.0,1,237873
5543,Sud,44,2.0,1954,7.0,1,139168
5544,Ouest,41,1.0,1953,2.0,0,84661
5545,Ouest,53,2.0,2001,1.0,0,112383
5546,Ouest,76,4.0,1994,10.0,0,233146
5547,Ouest,83,3.0,1998,4.0,1,194876
5548,Centre,34,1.0,1997,8.0,1,102931
5549,Sud,108,3.0,1980,1.0,1,234704
5550,Centre,105,5.0,1988,6.0,0,390197
5551,Ouest,69,1.0,1958,8.0,1,190904
5552,Sud,84,2.0,1950,4.0,0,208994
5553,Sud,103,5.0,1980,10.0,1,347153
5554,Nord,83,2.0,2003,4.0,1,156653
5555,Sud,84,,1959,6.0,0,240858
5556,Ouest,89,3.0,1967,4.0,0,212677
5557,Ouest,87,3.0,2008,6.0,0,261504
5558,Sud,44,1.0,1981,10.0,0,138264
5559,Nord,78,2.0,1953,2.0,0,144403
5560,Sud,68,3.0,1982,6.0,1,232848
5561,Centre,56,3.0,2005,2.0,0,163724
5562,Ouest,30,2.0,1990,3.0,0,64980
5563,Sud,56,1.0,1955,6.0,1,160586
5564,Centre,132,6.0,1974,7.0,1,492277
5565,Ouest,29,1.0,1965,6.0,0,102663
5566,Nord,69,3.0,2005,1.0,0,125926
5567,Ouest,36,1.0,1994,,0,96378
5568,Ouest,23,1.0,1974,8.0,1,59496
5569,Sud,65,1.0,1971,1.0,0,162312
5570,Centre,88,4.0,2013,4.0,1,306060
5571,Sud,71,3.0,2013,10.0,1,263844
5572,Nord,108,3.0,1951,2.0,1,205963
5573,Centre,73,1.0,2005,9.0,1,281133
5574,Nord,81,2.0,2006,2.0,1,130700
5575,Ouest,67,1.0,2014,6.0,0,160914
5576,Ouest,100,,1974,6.0,0,286441
5577,Centre,86,4.0,1993,1.0,0,233588
5578,Centre,89,2.0,1983,3.0,1,296382
5579,Ouest,60,1.0,1992,8.0,0,137090
5580,Nord,57,1.0,2017,,0,137418
5581,Ouest,20,1.0,1969,7.0,1,68425
5582,Sud,56,3.0,2018,4.0,1,151509
5583,Sud,81,4.0,1976,8.0,0,246197
5584,Nord,20,1.0,1982,4.0,0,46650
5585,Sud,53,3.0,2015,8.0,0,156234
5586,Nord,80,4.0,1992,8.0,1,190697
5587,Centre,75,4.0,1989,10.0,0,354503
5588,Centre,48,1.0,1958,9.0,1,200330
5589,Nord,94,4.0,1984,6.0,0,232828
5590,Sud,84,2.0,200,5.0,0,213693
5591,Sud,79,2.0,1972,1.0,1,159056
5592,Sud,63,2.0,2008,6.0,1,180392
5593,Centre,122,5.0,1968,,0,528388
5594,Nord,75,3.0,1981,4.0,0,145984
5595,Nord,40,2.0,1992,9.0,1,105286
5596,Ouest,73,2.0,1983,7.0,0,193409
5597,Ouest,79,2.0,2000,9.0,1,248550
5598,Sud,99,4.0,2005,7.0,1,314843
5599,Nord,84,3.0,1978,5.0,0,188101
5600,Centre,99,3.0,1995,10.0,1,437279
5601,Centre,92,,1975,6.0,0,355119
5602,Sud,66,1.0,2050,4.0,1,197986
5603,Centre,81,4.0,1994,4.0,0,262698
5604,Nord,59,2.0,1981,8.0,0,191123
5605,Centre,74,2.0,1999,10.0,0,311347
5606,Ouest,57,3.0,1989,6.0,1,155328
5607,Ouest,72,2.0,1954,10.0,0,202324
5608,Ouest,71,2.0,1952,1.0,0,106479
5609,Nord,103,4.0,1978,8.0,0,280421
5610,Ouest,128,6.0,2004,1.0,1,259027
5611,Sud,62,2.0,1950,7.0,1,201445
5612,Sud,79,4.0,2006,2.0,1,172148
5613,Centre,39,2.0,2011,7.0,0,169762
5614,Nord,87,3.0,1998,10.0,0,219891
5615,Ouest,73,3.0,1983,6.0,0,208011
5616,Nord,72,2.0,1990,9.0,1,184046
5617,Centre,89,4.0,2023,5.0,1,311949
5618,Centre,93,2.0,2006,,0,259692
5619,Centre,75,3.0,1958,5.0,1,256237
5620,Nord,79,4.0,2011,8.0,0,188600
5621,Centre,72,1.0,2015,6.0,0,265323
5622,Ouest,83,3.0,1955,4.0,0,194702
5623,Sud,56,3.0,1952,,0,151508
5624,Sud,97,4.0,2022,4.0,0,277340
5625,Centre,51,3.0,1957,,1,231004
5626,Sud,77,2.0,2023,1.0,0,165757
5627,Centre,89,,1989,1.0,0,245616
5628,Ouest,50,1.0,2007,,0,163151
5629,Sud,46,1.0,1987,9.0,0,131924
5630,Sud,72,2.0,2050,9.0,0,229268
5631,Nord,61,3.0,1974,3.0,0,145660
5632,Centre,64,1.0,1952,8.0,1,255124
5633,Nord,48,2.0,1995,6.0,0,128199
5634,Ouest,27,1.0,1972,10.0,1,91356
5635,Centre,73,3.0,2004,4.0,1,220534
5636,Centre,51,2.0,2003,7.0,0,191096
5637,Sud,69,3.0,2019,10.0,0,227159
5638,Ouest,46,2.0,1972,1.0,1,85884
5639,Ouest,75,3.0,2005,1.0,0,141998
5640,Centre,83,2.0,2020,,1,259409
5641,Nord,92,2.0,1980,9.0,0,241637
5642,Ouest,78,3.0,1984,7.0,0,201699
5643,Sud,19,1.0,1974,6.0,0,76640
5644,Sud,93,2.0,2050,8.0,1,276180
5645,Nord,103,4.0,1972,4.0,1,227792
5646,Sud,55,1.0,1970,1.0,0,102147
5647,Nord,53,1.0,1994,5.0,0,157574
5648,Sud,71,2.0,2000,2.0,0,162434
5649,Nord,69,2.0,1957,4.0,0,160742
5650,Centre,87,2.0,2008,10.0,1,347356
5651,Ouest,47,1.0,2013,7.0,0,125867
5652,Sud,57,3.0,1986,7.0,0,179177
5653,Nord,68,3.0,2023,7.0,1,150051
5654,Nord,36,1.0,2016,3.0,1,66696
5655,Sud,82,4.0,1988,8.0,1,236463
5656,Sud,72,1.0,1988,5.0,0,205071
5657,Nord,102,5.0,1991,10.0,0,307043
5658,Sud,79,3.0,1958,9.0,1,239113
5659,Centre,55,2.0,1957,,0,180973
5660,Nord,92,4.0,1985,10.0,1,244611
5661,Nord,71,,1982,5.0,0,140570
5662,Nord,32,2.0,1975,1.0,1,47963
5663,Ouest,75,4.0,1989,9.0,1,232094
5664,Ouest,88,3.0,2010,4.0,0,208157
5665,Ouest,61,1.0,2011,2.0,1,131084
5666,Sud,76,2.0,1959,5.0,1,190805
5667,Nord,88,3.0,1979,3.0,1,164227
5668,Sud,42,,1965,8.0,0,122272
5669,Centre,78,2.0,1975,6.0,1,276526
5670,Sud,59,1.0,1969,4.0,0,121243
5671,Nord,81,4.0,1969,8.0,1,217970
5672,Sud,85,4.0,2016,10.0,0,297309
5673,Sud,87,3.0,1967,1.0,1,184350
5674,Sud,113,4.0,1961,9.0,1,379982
5675,Centre,57,3.0,1985,10.0,0,252681
5676,Ouest,78,4.0,1970,4.0,1,179474
5677,Nord,52,3.0,1989,8.0,0,138085
5678,Ouest,61,1.0,2003,8.0,1,160240
5679,Ouest,37,2.0,2050,10.0,1,114254
5680,Nord,100,4.0,2000,4.0,0,216678
5681,Centre,45,1.0,2020,8.0,0,151076
5682,Nord,80,,1955,5.0,0,180724
5683,Centre,79,3.0,1999,4.0,0,254985
5684,Sud,74,3.0,2007,,1,193963
5685,Ouest,19,1.0,1990,,1,42214
5686,Sud,83,2.0,2020,6.0,0,264349
5687,Sud,55,1.0,1954,5.0,1,171747
5688,Sud,123,5.0,1954,1.0,0,272373
5689,Sud,69,2.0,2050,9.0,0,227365
5690,Sud,87,4.0,1968,4.0,0,262121
5691,Nord,83,2.0,2012,5.0,0,158785
5692,Nord,39,2.0,1999,10.0,0,133242
5693,Centre,76,3.0,1969,4.0,1,235182
5694,Nord,95,3.0,1982,6.0,0,229349
5695,Ouest,109,3.0,1983,1.0,0,220837
5696,Ouest,87,3.0,1966,1.0,0,188577
5697,Sud,106,4.0,1960,7.0,0,324989
5698,Nord,112,3.0,2009,1.0,0,199739
5699,Ouest,38,1.0,2999,10.0,1,115981
5700,Centre,103,4.0,2016,10.0,1,450030
5701,Centre,52,2.0,1970,3.0,1,146766
5702,Sud,102,5.0,1970,3.0,1,230713
5703,Sud,64,1.0,2001,5.0,0,171068
5704,Sud,66,3.0,1955,10.0,0,244059
5705,Centre,51,2.0,2005,9.0,0,239208
5706,Sud,54,1.0,2005,8.0,1,163074
5707,Ouest,67,1.0,2004,3.0,1,166872
5708,Nord,20,1.0,2009,5.0,1,41767
5709,Nord,38,1.0,1989,9.0,1,99611
5710,Ouest,100,4.0,1960,7.0,0,257081
5711,Nord,24,1.0,2013,9.0,1,72607
5712,Nord,60,1.0,2017,9.0,0,152770
5713,Nord,78,4.0,1969,1.0,0,155933
5714,Centre,82,4.0,2004,2.0,0,244892
5715,Centre,77,4.0,1995,8.0,1,299639
5716,Nord,17,2.0,1951,10.0,1,56913
5717,Centre,108,5.0,1976,1.0,1,288062
5718,Ouest,71,2.0,2019,2.0,0,127815
5719,Sud,62,1.0,1990,7.0,0,207786
5720,Ouest,89,4.0,1973,1.0,0,179129
5721,Ouest,53,1.0,1980,9.0,0,166959
5722,Ouest,100,4.0,1967,10.0,0,357823
5723,Sud,102,5.0,2999,4.0,1,261200
5724,Ouest,93,3.0,1999,7.0,1,253333
5725,Nord,24,2.0,1987,3.0,0,16317
5726,Centre,62,2.0,1962,10.0,0,277491
5727,Nord,56,2.0,1965,2.0,0,132066
5728,Centre,45,2.0,1963,6.0,1,178863
5729,Ouest,20,2.0,1986,7.0,1,56286
5730,Nord,49,1.0,1988,2.0,0,113303
5731,Ouest,60,1.0,2003,1.0,0,115459
5732,Centre,92,3.0,2008,7.0,1,350518
5733,Nord,72,2.0,2011,3.0,0,113065
5734,Centre,54,,1965,4.0,0,206849
5735,Ouest,92,3.0,2010,7.0,1,255277
5736,Nord,69,1.0,1964,2.0,1,129232
5737,Centre,84,4.0,1953,2.0,1,251271
5738,Sud,107,3.0,2023,3.0,0,268625
5739,Ouest,65,1.0,1958,10.0,1,169475
5740,Centre,100,3.0,1962,8.0,0,413519
5741,Centre,49,1.0,1973,5.0,1,162783
5742,Nord,16,2.0,1987,8.0,1,60837
5743,Nord,65,1.0,1959,10.0,1,178340
5744,Centre,97,3.0,1990,10.0,1,418013
5745,Ouest,49,1.0,1988,9.0,0,169413
5746,Nord,102,3.0,1990,4.0,0,211455
5747,Centre,77,4.0,2022,4.0,0,262244
5748,Nord,109,3.0,1970,7.0,1,266992
5749,Nord,103,5.0,1965,5.0,0,204495
5750,Nord,74,2.0,2013,5.0,1,151463
5751,Sud,43,1.0,1970,9.0,0,151987
5752,Sud,76,2.0,1999,8.0,1,256738
5753,Ouest,58,2.0,2001,3.0,1,128209
5754,Nord,63,3.0,2003,8.0,1,137665
5755,Sud,60,2.0,1957,,1,194951
5756,Nord,86,4.0,1960,7.0,1,195983
5757,Sud,63,3.0,2012,6.0,1,200538
5758,Nord,52,1.0,2021,6.0,0,500
5759,Sud,57,3.0,1996,7.0,0,196275
5760,Centre,25,1.0,1959,10.0,1,113212
5761,Ouest,100,,1960,2.0,0,225850
5762,Sud,74,1.0,1986,7.0,1,252920
5763,Nord,81,4.0,1975,9.0,1,222329
5764,Sud,70,2.0,1972,5.0,1,208140
5765,Ouest,106,5.0,1956,9.0,1,322438
5766,Nord,67,3.0,1977,3.0,0,143827
5767,Nord,30,1.0,1954,2.0,0,61746
5768,Nord,109,3.0,1968,4.0,0,261525
5769,Centre,31,1.0,1966,3.0,0,94351
5770,Centre,116,5.0,2020,9.0,0,491932
5771,Nord,82,4.0,1980,4.0,0,150098
5772,Ouest,125,6.0,2015,8.0,1,325973
5773,Sud,52,1.0,2022,7.0,0,167155
5774,Sud,79,4.0,1968,3.0,0,207365
5775,Ouest,89,3.0,1960,1.0,0,197550
5776,Ouest,45,1.0,1957,2.0,1,97894
5777,Ouest,57,2.0,1966,5.0,1,144363
5778,Ouest,57,2.0,1950,5.0,0,162956
5779,Centre,76,2.0,1983,1.0,0,208156
5780,Centre,81,,2011,9.0,0,339325
5781,Centre,23,1.0,1978,7.0,0,105997
5782,Centre,47,1.0,2010,3.0,1,127079
5783,Sud,32,1.0,1986,4.0,0,92270
5784,Ouest,81,4.0,1979,8.0,1,216396
5785,Nord,26,2.0,1997,7.0,1,65847
5786,Centre,65,3.0,1966,1.0,0,214122
5787,Ouest,84,,1967,6.0,1,199846
5788,Ouest,91,2.0,2006,1.0,1,166829
5789,Sud,51,1.0,1967,5.0,1,150932
5790,Centre,32,1.0,2004,2.0,0,131753
5791,Ouest,18,1.0,1979,6.0,0,46525
5792,Sud,74,2.0,2011,7.0,0,219541
5793,Centre,82,2.0,1986,3.0,0,248911
5794,Sud,90,3.0,2050,5.0,1,260924
5795,Sud,61,3.0,2021,3.0,0,155198
5796,Centre,60,2.0,2007,4.0,0,212837
5797,Sud,93,3.0,2002,5.0,1,278203
5798,Nord,47,1.0,1994,7.0,1,100531
5799,Centre,48,1.0,1979,8.0,1,182237
5800,Nord,52,2.0,1979,7.0,0,134669
5801,Ouest,55,3.0,1976,,0,152800
5802,Sud,66,2.0,2011,,1,204065
5803,Centre,76,4.0,1976,7.0,1,307125
5804,Sud,104,5.0,2011,5.0,0,307196
5805,Centre,42,1.0,1987,8.0,0,175146
5806,Ouest,40,1.0,2006,7.0,1,126144
5807,Nord,59,3.0,1999,1.0,0,93256
5808,Nord,72,3.0,1989,6.0,0,153736
5809,Centre,79,2.0,1964,9.0,0,358201
5810,Ouest,31,1.0,2010,4.0,1,72102
5811,Nord,58,2.0,1953,1.0,0,83160
5812,Centre,82,3.0,1955,9.0,0,351311
5813,Nord,93,3.0,1985,3.0,0,187576
5814,Nord,34,,1961,5.0,1,74501
5815,Ouest,83,3.0,2017,3.0,1,181092
5816,Sud,57,1.0,2004,7.0,0,181712
5817,Sud,60,1.0,1952,10.0,1,197427
5818,Sud,88,3.0,2002,1.0,1,203223
5819,Ouest,93,4.0,1969,9.0,0,277873
5820,Ouest,15,1.0,1978,10.0,1,35899
5821,Nord,15,1.0,1983,7.0,0,34441
5822,Centre,117,3.0,1961,9.0,0,476894
5823,Nord,79,2.0,1987,8.0,1,177703
5824,Ouest,77,4.0,200,4.0,0,201958
5825,Centre,86,2.0,1981,2.0,1,266788
5826,Nord,94,2.0,2022,9.0,1,255415
5827,Sud,60,2.0,1985,10.0,0,206801
5828,Centre,56,1.0,1966,1.0,0,159116
5829,Ouest,51,1.0,1996,5.0,0,99853
5830,Centre,72,3.0,1973,3.0,0,220012
5831,Centre,33,1.0,1989,1.0,0,102680
5832,Sud,31,2.0,200,6.0,1,100507
5833,Ouest,76,2.0,2010,7.0,1,208745
5834,Centre,77,3.0,2019,5.0,1,270190
5835,Sud,51,2.0,1997,7.0,1,159122
5836,Sud,84,4.0,1972,2.0,0,164874
5837,Ouest,88,3.0,1982,8.0,0,234576
5838,Ouest,77,2.0,2014,1.0,0,180613
5839,Centre,152,6.0,1955,4.0,0,490904
5840,Sud,98,2.0,1958,8.0,1,335473
5841,Sud,82,4.0,2006,2.0,0,206226
5842,Nord,39,1.0,1995,9.0,0,123767
5843,Nord,25,1.0,1995,2.0,1,-825
5844,Ouest,54,2.0,2002,9.0,1,151696
5845,Nord,74,1.0,2001,5.0,1,152962
5846,Sud,81,2.0,1963,,1,243923
5847,Nord,93,2.0,2022,1.0,1,153809
5848,Sud,40,1.0,1990,3.0,1,91511
5849,Ouest,91,4.0,2009,1.0,0,192152
5850,Nord,48,2.0,2000,5.0,0,79151
5851,Centre,77,4.0,1992,6.0,0,289916
5852,Centre,104,4.0,1952,2.0,1,300767
5853,Sud,77,3.0,1974,3.0,0,182930
5854,Centre,62,3.0,2022,9.0,1,268657
5855,Nord,60,1.0,1957,10.0,0,178872
5856,Ouest,85,3.0,1958,2.0,1,167816
5857,Centre,100,3.0,1995,3.0,0,299117
5858,Ouest,91,4.0,1996,2.0,0,186630
5859,Ouest,32,2.0,2001,7.0,1,64350
5860,Ouest,60,1.0,1953,2.0,0,132076
5861,Centre,101,5.0,2000,10.0,1,426260
5862,Sud,47,2.0,2004,3.0,0,132573
5863,Sud,39,2.0,1983,5.0,0,99961
5864,Centre,87,3.0,1964,3.0,1,246783
5865,Sud,38,1.0,1988,4.0,1,96001
5866,Nord,98,4.0,1994,3.0,1,181530
5867,Nord,98,2.0,1977,7.0,1,223461
5868,Nord,87,3.0,2021,2.0,1,196876
5869,Ouest,96,4.0,1971,3.0,0,234059
5870,Ouest,68,3.0,2009,6.0,1,199717
5871,Centre,54,3.0,1982,,1,201928
5872,Ouest,118,3.0,2022,9.0,0,358384
5873,Sud,88,2.0,1994,,1,295900
5874,Sud,87,4.0,1960,7.0,0,261100
5875,Sud,52,1.0,1979,6.0,0,150828
5876,Centre,23,2.0,1962,9.0,1,97246
5877,Nord,54,3.0,2017,5.0,1,115228
5878,Centre,114,5.0,1986,6.0,0,439896
5879,Centre,44,2.0,2004,6.0,0,161781
5880,Centre,75,4.0,2015,7.0,1,277850
5881,Centre,83,3.0,1958,5.0,1,304886
5882,Centre,62,2.0,2023,9.0,0,266699
5883,Ouest,104,4.0,1953,9.0,1,299109
5884,Ouest,41,1.0,2999,8.0,1,111249
5885,Sud,61,1.0,1978,4.0,0,153345
5886,Sud,89,2.0,2022,6.0,0,260290
5887,Centre,54,3.0,2011,9.0,1,229507
5888,Nord,82,4.0,1980,2.0,0,145359
5889,Centre,70,2.0,1973,1.0,0,208625
5890,Ouest,82,,1969,,1,165287
5891,Sud,46,1.0,1950,,1,135011
5892,Sud,49,2.0,1965,4.0,0,124079
5893,Ouest,57,1.0,2017,6.0,1,137626
5894,Sud,46,2.0,1970,2.0,1,99946
5895,Ouest,90,2.0,1952,2.0,1,178801
5896,Nord,39,1.0,2006,5.0,0,92728
5897,Sud,64,3.0,1969,9.0,0,224150
5898,Nord,56,2.0,2020,7.0,0,167807
5899,Centre,69,1.0,2017,5.0,0,253888
5900,Sud,32,2.0,1956,6.0,1,121981
5901,Ouest,100,4.0,2003,6.0,1,271990
5902,Centre,74,3.0,1973,9.0,1,338316
5903,Ouest,74,3.0,1960,9.0,1,227787
5904,Centre,19,1.0,2020,8.0,0,91694
5905,Ouest,69,2.0,1976,4.0,1,177636
5906,Sud,119,4.0,1980,9.0,1,430574
5907,Centre,16,2.0,1967,,0,73522
5908,Nord,99,2.0,2003,2.0,0,166885
5909,Sud,62,1.0,2003,1.0,1,132479
5910,Ouest,53,3.0,1955,1.0,1,88286
5911,Nord,71,3.0,1983,7.0,1,164544
5912,Nord,25,1.0,2002,4.0,0,28071
5913,Nord,78,4.0,1961,4.0,1,148981
5914,Nord,50,2.0,2003,3.0,0,100432
5915,Centre,27,1.0,1968,4.0,1,74699
5916,Ouest,80,4.0,2012,8.0,1,204943
5917,Ouest,84,2.0,1970,10.0,1,256944
5918,Sud,49,1.0,2021,4.0,0,113781
5919,Nord,43,2.0,1982,9.0,0,130576
5920,Ouest,88,4.0,2001,10.0,0,301283
5921,Nord,62,1.0,1994,7.0,1,161439
5922,Nord,27,1.0,2001,8.0,1,40157
5923,Nord,50,1.0,2020,8.0,1,104129
5924,Centre,34,2.0,1977,1.0,1,79007
5925,Nord,70,3.0,2001,5.0,1,151181
5926,Ouest,99,4.0,1993,7.0,0,254125
5927,Nord,63,3.0,200,5.0,0,139629
5928,Centre,46,2.0,2000,8.0,1,500
5929,Nord,91,2.0,1950,2.0,0,159224
5930,Sud,67,2.0,1953,3.0,1,191000
5931,Sud,69,3.0,1953,3.0,0,147372
5932,Ouest,37,2.0,1982,5.0,1,106834
5933,Nord,63,1.0,1983,4.0,0,143333
5934,Sud,91,4.0,1963,10.0,0,322953
5935,Sud,77,2.0,1982,2.0,1,500
5936,Ouest,68,1.0,2023,9.0,0,206795
5937,Centre,78,2.0,2023,2.0,1,253028
5938,Sud,81,3.0,2020,9.0,1,297142
5939,Nord,74,2.0,1992,8.0,0,183909
5940,Ouest,73,1.0,2003,1.0,1,141907
5941,Nord,138,5.0,1976,1.0,0,259386
5942,Centre,76,4.0,1957,3.0,0,258272
5943,Centre,111,5.0,2001,9.0,0,457422
5944,Nord,49,2.0,1962,2.0,0,104977
5945,Centre,110,3.0,1999,1.0,0,298890
5946,Ouest,87,2.0,1993,4.0,0,214582
5947,Ouest,15,1.0,1999,6.0,1,47130
5948,Sud,43,1.0,1953,9.0,0,116090
5949,Centre,60,2.0,2010,4.0,1,191064
5950,Nord,30,1.0,1952,10.0,0,64775
5951,Ouest,31,1.0,2003,4.0,1,61145
5952,Centre,94,3.0,1956,8.0,0,373681
5953,Ouest,92,4.0,1977,10.0,0,278543
5954,Sud,80,2.0,2003,8.0,0,238725
5955,Sud,111,5.0,2003,1.0,1,265843
5956,Nord,17,1.0,2019,,0,24713
5957,Sud,78,3.0,1966,2.0,1,182897
5958,Sud,70,3.0,200,2.0,1,188551
5959,Nord,111,5.0,1970,10.0,1,301350
5960,Sud,73,1.0,1969,6.0,1,227463
5961,Centre,69,3.0,2001,2.0,0,222919
5962,Nord,113,5.0,1955,1.0,1,198297
5963,Nord,97,2.0,2004,5.0,0,205172
5964,Sud,93,4.0,2008,8.0,0,288867
5965,Nord,44,1.0,1988,5.0,0,116972
5966,Sud,102,4.0,1988,1.0,0,219753
5967,Centre,86,3.0,1954,10.0,1,372465
5968,Centre,56,2.0,2019,9.0,0,258783
5969,Ouest,83,2.0,1960,5.0,1,210960
5970,Sud,25,2.0,1960,5.0,0,71246
5971,Centre,62,1.0,1953,6.0,1,229289
5972,Ouest,78,2.0,1959,7.0,1,188660
5973,Centre,106,5.0,2014,7.0,1,407973
5974,Sud,81,4.0,1986,1.0,0,177115
5975,Sud,119,4.0,1952,8.0,1,500
5976,Nord,89,3.0,1989,4.0,1,176604
5977,Sud,32,1.0,1964,7.0,0,118071
5978,Ouest,38,2.0,1966,4.0,1,95764
5979,Nord,65,2.0,2006,10.0,0,203363
5980,Ouest,53,3.0,2002,10.0,1,167034
5981,Nord,34,1.0,1968,5.0,1,86183
5982,Centre,54,2.0,1974,3.0,0,165912
5983,Centre,69,1.0,1960,3.0,1,500
5984,Sud,116,3.0,1954,1.0,1,265135
5985,Nord,93,3.0,1954,6.0,0,231051
5986,Nord,78,2.0,1951,4.0,1,180505
5987,Ouest,68,3.0,1972,1.0,1,119307
5988,Sud,98,3.0,1957,5.0,1,280803
5989,Nord,57,1.0,1956,7.0,1,143913
5990,Sud,65,3.0,1978,10.0,1,221458
5991,Nord,67,2.0,2001,1.0,0,141346
5992,Ouest,78,3.0,1967,2.0,1,174754
5993,Nord,100,5.0,1965,4.0,1,215684
5994,Sud,100,3.0,1967,6.0,1,293201
5995,Nord,64,1.0,1983,7.0,1,177914
5996,Sud,43,1.0,2000,8.0,0,137130
5997,Nord,82,2.0,2023,3.0,1,195629
5998,Ouest,76,2.0,1981,6.0,0,192345
5999,Ouest,69,3.0,2012,5.0,1,174175
